Date,Open,High,Low,Close,Adj.Close,Volume
7/18/2011,454,453,428,428,237,"104,816.00"
7/19/2011,428,428,425,428,88,"37,616.00"
7/20/2011,428,428,420,420,413,"174,740.00"
7/21/2011,420,425,420,425,210,"89,045.00"
7/24/2011,425,433,408,408,259,"109,528.00"
7/25/2011,408,408,395,396,609,"242,720.00"
7/26/2011,396,403,400,403,142,"57,021.00"
7/27/2011,403,411,402,411,"1,348","546,573.00"
7/28/2011,411,425,417,419,934,"392,646.00"
7/31/2011,419,411,409,410,436,"178,620.00"
8/1/2011,410,411,400,411,394,"158,743.00"
8/2/2011,411,410,405,410,483,"196,496.00"
8/3/2011,410,415,410,414,390,"160,982.00"
8/4/2011,414,414,406,410,960,"392,937.00"
8/7/2011,410,409,400,400,232,"93,614.00"
8/8/2011,400,405,400,401,422,"169,306.00"
8/9/2011,401,400,400,400,64,"25,600.00"
8/10/2011,400,413,400,413,199,"80,620.00"
8/11/2011,413,417,410,417,126,"51,852.00"
8/15/2011,417,420,412,412,"1,060","441,499.00"
8/16/2011,412,410,410,410,156,"63,960.00"
8/17/2011,410,406,397,402,"1,007","405,173.00"
8/18/2011,402,406,400,404,"1,000","402,187.00"
8/22/2011,404,400,396,399,529,"210,935.00"
8/23/2011,399,400,395,400,491,"195,241.00"
8/24/2011,400,395,391,395,446,"175,995.00"
8/25/2011,395,391,390,390,87,"33,958.00"
8/28/2011,390,383,371,380,569,"215,938.00"
8/29/2011,380,394,380,394,287,"109,704.00"
8/30/2011,394,399,385,387,200,"78,230.00"
9/1/2011,387,397,386,395,96,"37,632.00"
9/4/2011,395,396,386,386,"1,337","521,292.00"
9/5/2011,386,390,375,388,668,"257,093.00"
9/6/2011,388,390,350,350,"1,117","413,030.00"
9/7/2011,350,343,315,315,"1,022","327,758.00"
9/8/2011,315,321,313,318,"1,530","484,037.00"
9/12/2011,318,325,320,325,724,"233,871.00"
9/13/2011,325,330,324,330,690,"224,218.00"
9/14/2011,330,339,330,339,190,"63,336.00"
9/15/2011,339,350,342,350,453,"156,970.00"
9/18/2011,350,343,343,343,16,"5,488.00"
9/19/2011,343,341,330,335,189,"63,175.00"
9/20/2011,335,341,329,341,220,"73,412.00"
9/21/2011,341,347,341,341,64,"21,984.00"
9/22/2011,341,354,342,343,370,"128,811.00"
9/25/2011,343,345,345,345,16,"5,520.00"
9/26/2011,345,350,342,342,238,"82,729.00"
9/27/2011,342,347,341,344,171,"58,917.00"
9/29/2011,344,338,325,326,284,"93,922.00"
10/2/2011,326,330,326,330,64,"21,056.00"
10/10/2011,330,330,330,330,279,"92,070.00"
10/12/2011,330,340,336,340,109,"36,996.00"
10/13/2011,340,348,340,345,317,"109,460.00"
10/16/2011,345,345,342,343,450,"155,170.00"
10/17/2011,343,343,338,338,470,"161,055.00"
10/18/2011,338,340,338,340,233,"78,949.00"
10/19/2011,340,343,337,343,"1,076","365,881.00"
10/20/2011,343,343,337,340,293,"99,578.00"
10/23/2011,340,339,335,339,456,"153,366.00"
10/24/2011,339,340,335,337,956,"321,389.00"
10/25/2011,337,343,337,340,306,"103,848.00"
10/30/2011,340,346,337,346,721,"247,580.00"
10/31/2011,346,341,340,340,142,"48,311.00"
11/3/2011,340,353,346,353,367,"128,136.00"
11/6/2011,353,363,354,360,372,"132,982.00"
11/8/2011,360,367,360,363,726,"263,010.00"
11/9/2011,363,360,350,350,187,"66,011.00"
11/10/2011,350,357,352,353,148,"52,357.00"
11/13/2011,353,355,351,354,357,"125,913.00"
11/14/2011,354,355,355,355,314,"111,470.00"
11/15/2011,355,350,350,350,604,"211,400.00"
11/16/2011,350,360,350,360,416,"148,960.00"
11/17/2011,360,360,350,356,954,"340,374.00"
11/20/2011,356,360,350,350,532,"188,546.00"
11/21/2011,350,346,338,346,195,"66,606.00"
11/22/2011,346,352,337,343,141,"48,937.00"
11/23/2011,343,342,338,342,937,"319,504.00"
11/24/2011,342,342,334,334,466,"157,163.00"
11/27/2011,334,330,328,330,183,"60,306.00"
11/28/2011,330,339,327,339,334,"111,130.00"
11/29/2011,339,340,334,334,155,"52,452.00"
11/30/2011,334,334,334,334,224,"74,816.00"
12/1/2011,334,334,328,331,468,"154,543.00"
12/5/2011,331,331,326,331,344,"113,083.00"
12/6/2011,331,336,331,332,298,"99,107.00"
12/7/2011,332,334,325,325,164,"53,855.00"
12/8/2011,325,336,331,336,48,"15,968.00"
12/11/2011,336,338,328,330,626,"208,416.00"
12/12/2011,330,331,328,331,78,"25,739.00"
12/13/2011,331,331,329,329,382,"126,094.00"
12/14/2011,329,361,324,327,"2,014","693,973.00"
12/15/2011,327,333,324,330,296,"96,938.00"
12/18/2011,330,335,321,323,363,"118,009.00"
12/19/2011,323,323,323,323,48,"15,504.00"
12/20/2011,323,326,314,320,"1,428","455,014.00"
12/21/2011,320,334,310,328,596,"193,145.00"
12/22/2011,328,322,322,322,70,"22,540.00"
12/26/2011,322,326,326,326,174,"56,724.00"
12/27/2011,326,320,314,314,62,"19,654.00"
12/28/2011,314,319,319,319,20,"6,380.00"
1/1/2012,319,319,312,312,377,"120,030.00"
1/2/2012,312,306,296,304,"2,216","663,586.00"
1/3/2012,304,306,300,304,"1,677","508,008.00"
1/4/2012,304,304,295,302,979,"292,145.00"
1/5/2012,302,302,297,302,193,"57,931.00"
1/8/2012,302,315,302,314,242,"74,543.00"
1/9/2012,314,322,314,316,643,"205,364.00"
1/11/2012,316,315,305,305,386,"119,510.00"
1/12/2012,305,300,300,300,84,"25,200.00"
1/16/2012,300,308,305,305,"2,213","676,340.00"
1/17/2012,305,305,305,305,14,"4,270.00"
1/18/2012,305,305,305,305,79,"24,095.00"
1/19/2012,305,301,300,301,112,"33,662.00"
1/22/2012,301,304,300,300,376,"113,523.00"
1/23/2012,300,306,302,305,189,"57,538.00"
1/25/2012,305,308,302,308,390,"119,463.00"
1/26/2012,308,314,307,307,"1,184","367,344.00"
1/29/2012,307,301,301,301,222,"66,822.00"
1/31/2012,301,307,303,305,128,"39,062.00"
2/1/2012,305,305,302,304,367,"111,110.00"
2/2/2012,304,305,301,304,206,"62,734.00"
2/5/2012,304,310,299,300,501,"151,282.00"
2/6/2012,300,301,300,300,479,"143,927.00"
2/7/2012,300,310,294,299,908,"273,234.00"
2/8/2012,299,296,294,294,469,"138,060.00"
2/9/2012,294,295,290,294,156,"45,384.00"
2/12/2012,294,300,295,296,328,"97,231.00"
2/13/2012,296,301,291,292,"1,137","334,654.00"
2/14/2012,292,296,291,296,215,"62,995.00"
2/15/2012,296,297,294,297,173,"51,150.00"
2/16/2012,297,300,296,298,"1,144","341,981.00"
2/21/2012,298,300,299,300,141,"42,252.00"
2/23/2012,300,300,296,296,649,"192,980.00"
2/26/2012,296,299,295,296,"2,080","618,033.00"
2/27/2012,296,300,295,297,559,"166,281.00"
2/28/2012,297,301,297,300,539,"161,502.00"
2/29/2012,300,300,298,300,565,"169,438.00"
3/1/2012,300,305,299,299,529,"160,981.00"
3/4/2012,299,301,298,301,896,"268,798.00"
3/5/2012,301,307,301,301,225,"67,911.00"
3/6/2012,301,306,301,301,407,"123,848.00"
3/11/2012,301,299,295,299,252,"74,809.00"
3/12/2012,299,300,298,299,192,"57,376.00"
3/13/2012,299,299,297,297,367,"109,019.00"
3/14/2012,297,297,295,297,275,"81,314.00"
3/15/2012,297,299,294,294,426,"125,660.00"
3/18/2012,294,295,293,293,878,"258,279.00"
3/19/2012,293,295,292,292,208,"61,018.00"
3/20/2012,292,296,291,296,"1,110","328,137.00"
3/21/2012,296,296,293,294,"1,444","425,972.00"
3/25/2012,294,295,290,290,616,"179,917.00"
3/26/2012,290,290,288,290,"1,934","557,718.00"
3/27/2012,290,290,290,290,95,"27,550.00"
3/28/2012,290,292,290,291,210,"60,978.00"
4/1/2012,291,300,295,300,128,"38,288.00"
4/2/2012,300,295,295,295,139,"41,005.00"
4/3/2012,295,300,298,299,"5,557","1,659,932.00"
4/4/2012,299,304,298,298,509,"152,647.00"
4/5/2012,298,296,293,295,"1,954","575,948.00"
4/8/2012,295,295,285,295,730,"211,309.00"
4/9/2012,295,301,297,298,360,"107,207.00"
4/10/2012,298,300,295,299,219,"65,183.00"
4/11/2012,299,316,303,303,778,"241,026.00"
4/12/2012,303,321,300,321,"2,237","709,085.00"
4/15/2012,321,337,327,337,166,"55,514.00"
4/18/2012,337,331,331,331,314,"103,934.00"
4/19/2012,331,337,329,330,"2,186","724,878.00"
4/22/2012,330,333,327,327,616,"204,222.00"
4/24/2012,327,336,330,336,342,"113,328.00"
4/25/2012,336,348,342,348,90,"30,966.00"
4/26/2012,348,382,343,382,"1,291","462,144.00"
4/29/2012,382,390,368,370,909,"345,217.00"
5/3/2012,370,363,358,358,262,"93,951.00"
5/8/2012,358,365,365,365,31,"11,315.00"
5/9/2012,365,372,329,329,778,"270,115.00"
5/10/2012,329,325,311,320,"1,628","521,911.00"
5/13/2012,320,315,308,315,775,"242,117.00"
5/14/2012,315,310,305,307,638,"196,810.00"
5/15/2012,307,326,313,326,399,"129,418.00"
5/16/2012,326,332,332,332,10,"3,320.00"
5/17/2012,332,365,338,358,288,"101,836.00"
5/20/2012,358,351,333,338,"2,628","889,774.00"
5/21/2012,338,332,320,323,618,"201,909.00"
5/22/2012,323,324,304,304,"2,082","646,596.00"
5/23/2012,304,300,300,300,434,"130,200.00"
5/24/2012,300,311,305,311,84,"25,804.00"
5/27/2012,311,320,312,312,187,"58,935.00"
5/29/2012,312,306,281,281,697,"197,010.00"
5/30/2012,281,276,253,270,"1,665","441,295.00"
5/31/2012,270,280,275,280,168,"46,510.00"
6/4/2012,280,285,280,285,379,"106,922.00"
6/5/2012,285,287,276,284,986,"277,589.00"
6/6/2012,284,285,279,285,223,"62,948.00"
6/7/2012,285,290,285,285,195,"55,740.00"
6/10/2012,285,281,280,281,48,"13,456.00"
6/11/2012,281,285,280,285,375,"105,487.00"
6/12/2012,285,288,288,288,28,"8,064.00"
6/13/2012,288,285,284,285,486,"138,238.00"
6/14/2012,285,290,285,285,170,"49,056.00"
6/17/2012,285,280,279,280,202,"56,544.00"
6/18/2012,280,288,285,288,177,"50,665.00"
6/19/2012,288,288,283,288,99,"28,405.00"
6/20/2012,288,289,274,277,"1,444","400,937.00"
6/21/2012,277,282,277,282,278,"78,192.00"
6/25/2012,282,292,278,292,635,"181,613.00"
6/26/2012,292,291,291,291,64,"18,624.00"
6/27/2012,291,301,286,295,"1,102","322,747.00"
6/28/2012,295,305,299,300,352,"105,678.00"
7/1/2012,300,302,285,302,526,"156,412.00"
7/2/2012,302,306,298,305,323,"97,468.00"
7/3/2012,305,305,301,301,275,"83,345.00"
7/4/2012,301,307,296,299,"1,168","348,964.00"
7/5/2012,299,303,294,300,352,"105,327.00"
7/8/2012,300,306,299,306,246,"74,367.00"
7/9/2012,306,305,301,305,110,"33,174.00"
7/10/2012,305,310,305,305,303,"92,757.00"
7/11/2012,305,306,300,306,376,"112,896.00"
7/12/2012,306,305,301,303,330,"99,818.00"
7/15/2012,303,305,302,305,202,"61,388.00"
7/16/2012,305,303,299,301,462,"139,058.00"
7/17/2012,301,306,303,304,106,"32,196.00"
7/18/2012,304,303,300,300,279,"83,841.00"
7/19/2012,300,306,300,306,130,"39,240.00"
7/22/2012,306,318,300,318,158,"48,438.00"
7/23/2012,318,318,306,314,349,"109,286.00"
7/24/2012,314,308,302,305,126,"38,244.00"
7/25/2012,305,308,305,308,512,"157,172.00"
7/26/2012,308,309,306,309,573,"175,989.00"
7/29/2012,309,315,310,315,156,"48,980.00"
7/30/2012,315,310,300,306,"1,507","463,341.00"
7/31/2012,306,308,306,308,125,"38,344.00"
8/1/2012,308,308,305,305,242,"74,202.00"
8/5/2012,305,316,301,316,378,"116,652.00"
8/6/2012,316,317,312,315,939,"295,460.00"
8/7/2012,315,316,312,316,"1,442","453,852.00"
8/8/2012,316,315,312,315,"2,553","796,868.00"
8/12/2012,315,339,320,339,"4,727","1,598,081.00"
8/13/2012,339,352,322,340,"1,862","629,508.00"
8/14/2012,340,341,334,335,457,"153,225.00"
8/15/2012,335,336,321,325,"2,040","666,141.00"
8/16/2012,325,321,319,319,589,"188,852.00"
8/19/2012,319,350,318,345,"2,630","874,286.00"
8/21/2012,345,339,329,332,558,"184,629.00"
8/22/2012,332,335,320,328,"1,093","358,018.00"
8/23/2012,328,334,325,330,"1,819","593,156.00"
8/26/2012,330,336,325,328,"1,447","473,694.00"
8/27/2012,328,334,325,330,729,"239,512.00"
8/28/2012,330,340,326,340,729,"241,709.00"
8/29/2012,340,344,330,338,"3,702","1,262,543.00"
8/30/2012,338,345,340,344,"3,566","1,217,767.00"
9/2/2012,344,346,340,346,905,"310,345.00"
9/3/2012,346,350,335,350,"7,599","2,623,353.00"
9/4/2012,350,348,342,347,239,"82,396.00"
9/5/2012,347,341,340,340,294,"99,976.00"
9/6/2012,340,344,335,341,"1,707","578,214.00"
9/9/2012,341,340,333,333,"7,197","2,403,689.00"
9/10/2012,333,339,330,335,"10,458","3,466,672.00"
9/11/2012,335,335,331,332,"1,211","402,144.00"
9/12/2012,332,335,330,335,"4,173","1,387,734.00"
9/13/2012,335,335,335,335,155,"51,925.00"
9/16/2012,335,338,322,332,"36,343","11,757,431.00"
9/17/2012,332,342,327,336,"8,640","2,862,949.00"
9/18/2012,336,342,323,330,"41,410","13,507,016.00"
9/19/2012,330,341,326,330,"24,874","8,192,736.00"
9/20/2012,330,333,322,330,"18,005","5,852,047.00"
9/23/2012,330,335,322,328,"11,641","3,763,673.00"
9/24/2012,328,332,322,322,"19,786","6,403,391.00"
9/25/2012,322,330,325,328,849,"276,766.00"
9/26/2012,328,335,332,335,869,"289,414.00"
9/27/2012,335,341,320,334,"19,700","6,360,753.00"
9/30/2012,334,336,320,332,"18,465","5,941,202.00"
10/1/2012,332,334,326,334,"1,192","389,750.00"
10/2/2012,334,329,322,325,"8,123","2,641,129.00"
10/3/2012,325,330,322,325,"10,142","3,283,850.00"
10/4/2012,325,330,325,327,"4,737","1,546,458.00"
10/7/2012,327,341,322,341,"18,494","6,002,330.00"
10/8/2012,341,347,326,326,"4,749","1,571,810.00"
10/9/2012,326,336,325,330,"19,845","6,519,971.00"
10/10/2012,330,342,330,330,"8,034","2,675,460.00"
10/11/2012,330,340,325,340,"33,337","10,881,452.00"
10/14/2012,340,352,336,344,"2,493","849,303.00"
10/15/2012,344,349,339,344,"2,171","742,591.00"
10/17/2012,344,345,335,345,"4,409","1,490,275.00"
10/18/2012,345,346,341,344,"1,647","565,698.00"
10/30/2012,344,347,320,332,"26,759","8,588,064.00"
11/5/2012,332,317,294,317,93,"28,727.00"
11/6/2012,317,340,323,330,"3,980","1,321,240.00"
11/7/2012,330,334,329,334,"2,130","702,840.00"
11/8/2012,334,340,334,336,"2,533","856,318.00"
11/11/2012,336,348,332,332,"4,576","1,557,654.00"
11/12/2012,332,344,329,344,544,"183,776.00"
11/18/2012,344,349,340,341,"1,836","630,616.00"
11/20/2012,341,348,345,348,"1,382","478,868.00"
11/21/2012,348,350,343,348,"1,145","398,397.00"
11/22/2012,348,348,343,347,384,"132,892.00"
11/25/2012,347,354,348,350,"1,177","412,122.00"
11/26/2012,350,347,341,347,"16,704","5,737,221.00"
11/27/2012,347,347,340,340,"1,041","356,169.00"
11/28/2012,340,338,334,338,531,"178,316.00"
11/29/2012,338,338,320,331,"2,046","661,786.00"
12/2/2012,331,326,302,326,"7,511","2,304,950.00"
12/3/2012,326,322,319,319,93,"29,822.00"
12/4/2012,319,336,325,336,689,"227,231.00"
12/5/2012,336,336,325,330,"1,112","365,166.00"
12/6/2012,330,331,325,329,"2,759","902,832.00"
12/9/2012,329,329,317,317,"6,426","2,074,400.00"
12/10/2012,317,323,317,323,886,"282,668.00"
12/11/2012,323,323,312,312,"4,820","1,516,399.00"
12/13/2012,312,335,330,330,"1,066","352,110.00"
12/16/2012,330,346,330,334,"8,710","2,942,994.00"
12/17/2012,334,340,330,330,"7,068","2,357,992.00"
12/18/2012,330,329,320,323,"12,990","4,186,358.00"
12/19/2012,323,327,319,321,"4,591","1,479,049.00"
12/20/2012,321,325,318,325,"5,640","1,811,420.00"
12/23/2012,325,328,320,324,"12,374","3,973,548.00"
12/24/2012,324,334,320,332,"7,029","2,287,493.00"
12/26/2012,332,349,335,335,"5,033","1,700,775.00"
12/27/2012,335,336,330,330,"3,226","1,072,736.00"
12/31/2012,330,332,330,330,882,"292,260.00"
1/1/2013,330,330,322,322,"3,331","1,080,839.00"
1/2/2013,322,329,322,328,649,"211,305.00"
1/3/2013,328,330,330,330,231,"76,230.00"
1/6/2013,330,330,320,321,"8,971","2,873,644.00"
1/7/2013,321,325,322,324,925,"300,197.00"
1/8/2013,324,324,324,324,"1,000","324,000.00"
1/9/2013,324,320,320,320,978,"312,960.00"
1/10/2013,320,322,320,322,"13,938","4,460,285.00"
1/13/2013,322,323,319,323,454,"145,823.00"
1/15/2013,323,321,321,321,32,"10,272.00"
1/16/2013,321,322,322,322,62,"19,964.00"
1/17/2013,322,320,320,320,500,"160,000.00"
1/21/2013,320,324,322,322,194,"62,647.00"
1/22/2013,322,330,322,329,266,"86,537.00"
1/23/2013,329,328,318,321,"1,998","641,611.00"
1/24/2013,321,320,311,311,"3,998","1,254,698.00"
1/27/2013,311,317,305,305,590,"183,466.00"
1/28/2013,305,311,305,310,"2,108","648,950.00"
1/30/2013,310,310,305,310,"2,100","646,000.00"
1/31/2013,310,307,307,307,95,"29,165.00"
2/3/2013,307,318,308,318,"1,293","407,074.00"
2/4/2013,318,335,323,335,87,"28,677.00"
2/5/2013,335,353,341,353,40,"13,820.00"
2/6/2013,353,347,341,341,300,"103,210.00"
2/12/2013,341,335,319,320,"3,841","1,233,016.00"
2/13/2013,320,323,318,320,"1,109","355,124.00"
2/14/2013,320,324,315,315,"1,637","519,085.00"
2/17/2013,315,327,321,327,50,"16,290.00"
2/19/2013,327,347,329,347,"4,805","1,584,705.00"
2/20/2013,347,341,323,329,308,"101,452.00"
2/21/2013,329,323,318,318,"1,396","444,348.00"
2/24/2013,318,324,313,316,908,"289,639.00"
2/25/2013,316,315,312,312,331,"103,465.00"
2/26/2013,312,318,312,317,"1,583","497,018.00"
2/27/2013,317,315,307,314,"2,224","690,232.00"
2/28/2013,314,311,301,305,"3,170","969,209.00"
3/3/2013,305,314,305,305,"1,596","488,128.00"
3/4/2013,305,310,310,310,511,"158,410.00"
3/6/2013,310,321,315,318,154,"48,756.00"
3/7/2013,318,318,306,312,"3,134","963,412.00"
3/11/2013,312,310,304,310,"2,328","711,368.00"
3/13/2013,310,307,304,307,"1,750","534,000.00"
3/14/2013,307,314,302,309,"2,770","849,940.00"
3/17/2013,309,309,305,305,224,"68,660.00"
3/18/2013,305,305,300,304,600,"181,777.00"
3/19/2013,304,309,305,306,126,"38,759.00"
3/20/2013,306,311,305,305,392,"121,313.00"
3/21/2013,305,310,305,310,48,"14,800.00"
3/24/2013,310,309,304,309,124,"37,961.00"
3/27/2013,309,304,300,300,170,"51,616.00"
3/28/2013,300,301,300,300,334,"100,247.00"
3/31/2013,300,294,289,289,182,"53,160.00"
4/1/2013,289,290,279,290,715,"204,471.00"
4/2/2013,290,293,290,292,"1,900","552,582.00"
4/3/2013,292,302,292,302,"1,458","432,446.00"
4/4/2013,302,301,296,296,"1,078","321,069.00"
4/7/2013,296,298,294,295,"1,200","354,272.00"
4/8/2013,295,295,292,293,267,"78,607.00"
4/9/2013,293,299,295,298,"1,461","433,536.00"
4/11/2013,298,304,294,298,804,"241,012.00"
4/15/2013,298,300,300,300,289,"86,700.00"
4/16/2013,300,300,290,294,"3,964","1,182,156.00"
4/17/2013,294,300,295,300,501,"149,924.00"
4/18/2013,300,300,292,292,674,"197,537.00"
4/28/2013,292,290,290,290,31,"8,990.00"
4/29/2013,290,293,290,293,62,"18,073.00"
4/30/2013,293,288,274,279,360,"100,531.00"
5/2/2013,279,280,274,274,112,"30,934.00"
5/5/2013,274,275,270,271,"1,762","480,890.00"
5/6/2013,271,270,265,265,147,"39,168.00"
5/7/2013,265,270,264,270,584,"156,253.00"
5/8/2013,270,280,274,274,171,"47,164.00"
5/9/2013,274,279,269,269,120,"32,805.00"
5/12/2013,269,280,272,280,669,"183,288.00"
5/13/2013,280,287,280,287,398,"112,007.00"
5/14/2013,287,290,281,282,858,"242,314.00"
5/15/2013,282,288,284,288,671,"191,042.00"
5/19/2013,288,285,280,285,"1,017","286,648.00"
5/20/2013,285,280,280,280,318,"89,040.00"
5/21/2013,280,285,275,277,387,"107,903.00"
5/22/2013,277,277,275,275,27,"7,447.00"
5/23/2013,275,270,270,270,376,"101,520.00"
5/26/2013,270,270,270,270,110,"29,700.00"
5/27/2013,270,275,272,275,508,"139,326.00"
5/28/2013,275,275,272,275,489,"133,569.00"
5/30/2013,275,280,270,280,108,"29,628.00"
6/2/2013,280,280,275,275,486,"135,520.00"
6/3/2013,275,280,272,280,"1,132","314,281.00"
6/4/2013,280,284,279,280,643,"180,948.00"
6/5/2013,280,308,285,305,246,"73,322.00"
6/6/2013,305,304,294,304,97,"28,883.00"
6/10/2013,304,298,278,283,"2,040","571,241.00"
6/11/2013,283,280,275,275,551,"153,409.00"
6/12/2013,275,285,280,285,"1,575","442,192.00"
6/13/2013,285,299,290,299,39,"11,490.00"
6/16/2013,299,304,283,283,245,"70,406.00"
6/17/2013,283,284,278,278,477,"133,289.00"
6/18/2013,278,280,275,279,250,"69,572.00"
6/19/2013,279,279,270,270,356,"97,137.00"
6/20/2013,270,276,270,276,"1,926","523,626.00"
6/23/2013,276,276,270,272,"1,034","281,152.00"
6/24/2013,272,275,270,271,"2,424","655,100.00"
6/25/2013,271,274,269,270,"2,885","781,950.00"
6/26/2013,270,279,274,275,374,"103,956.00"
6/27/2013,275,274,270,271,"3,263","882,868.00"
6/30/2013,271,275,273,275,168,"46,051.00"
7/1/2013,275,272,270,272,"1,271","343,620.00"
7/2/2013,272,275,268,271,"2,270","612,839.00"
7/3/2013,271,276,270,276,251,"68,136.00"
7/4/2013,276,272,265,265,"2,290","612,385.00"
7/7/2013,265,269,266,266,422,"112,885.00"
7/8/2013,266,267,264,265,586,"155,387.00"
7/9/2013,265,267,255,263,"8,242","2,159,821.00"
7/10/2013,263,270,264,270,"2,557","677,825.00"
7/11/2013,270,271,270,270,142,"38,411.00"
7/14/2013,270,278,275,276,183,"50,537.00"
7/15/2013,276,285,280,285,197,"55,304.00"
7/16/2013,285,280,280,280,138,"38,640.00"
7/18/2013,280,280,275,275,429,"119,960.00"
7/21/2013,275,280,278,280,79,"22,084.00"
7/22/2013,280,280,277,279,"1,171","325,756.00"
7/23/2013,279,275,274,275,128,"35,107.00"
7/24/2013,275,270,270,270,18,"4,860.00"
7/25/2013,270,279,271,279,"3,175","868,620.00"
7/28/2013,279,285,278,280,"3,155","887,342.00"
7/29/2013,280,290,285,285,"1,210","346,042.00"
7/30/2013,285,300,289,300,"4,986","1,483,875.00"
7/31/2013,300,310,299,303,"4,522","1,375,669.00"
8/1/2013,303,309,300,302,"4,272","1,290,744.00"
8/4/2013,302,332,297,317,"10,231","3,260,829.00"
8/5/2013,317,329,315,320,"13,354","4,258,340.00"
8/6/2013,320,324,309,320,"2,040","650,232.00"
8/7/2013,320,324,313,318,"8,249","2,609,577.00"
8/8/2013,318,320,309,317,"13,610","4,250,150.00"
8/11/2013,317,275,271,275,261,"71,475.00"
8/12/2013,275,277,266,266,494,"134,062.00"
8/13/2013,266,263,261,263,82,"21,538.00"
8/14/2013,263,268,265,268,"1,213","324,964.00"
8/15/2013,268,275,273,275,250,"68,350.00"
8/18/2013,275,280,275,275,"2,212","618,380.00"
8/19/2013,275,295,279,295,691,"196,498.00"
8/20/2013,295,300,294,294,429,"126,720.00"
8/25/2013,294,300,294,300,"1,046","310,218.00"
8/26/2013,300,300,298,299,"2,819","843,430.00"
8/27/2013,299,300,290,295,"2,463","722,521.00"
8/29/2013,295,299,290,299,"2,320","684,548.00"
9/1/2013,299,300,295,296,"1,135","336,887.00"
9/2/2013,296,296,291,291,817,"239,224.00"
9/3/2013,291,298,294,297,"4,502","1,331,668.00"
9/4/2013,297,310,291,298,"5,771","1,723,522.00"
9/5/2013,298,306,300,306,"4,541","1,366,450.00"
9/8/2013,306,312,306,312,"2,224","686,848.00"
9/9/2013,312,322,309,322,"2,398","760,399.00"
9/10/2013,322,325,315,318,"3,593","1,142,043.00"
9/11/2013,318,325,315,320,"3,707","1,181,137.00"
9/12/2013,320,320,315,315,"2,323","732,771.00"
9/15/2013,315,323,318,320,"2,966","949,793.00"
9/16/2013,320,323,320,321,"3,505","1,123,474.00"
9/17/2013,321,325,320,323,"2,202","708,802.00"
9/19/2013,323,323,318,320,640,"204,143.00"
9/22/2013,320,315,312,312,"1,700","534,400.00"
9/23/2013,312,306,299,306,"10,077","3,033,234.00"
9/24/2013,306,307,300,300,"13,981","4,198,212.00"
9/25/2013,300,301,300,301,"10,820","3,252,920.00"
9/26/2013,301,302,300,300,"5,325","1,599,536.00"
9/29/2013,300,301,300,300,"1,345","403,571.00"
9/30/2013,300,312,306,307,"3,028","933,169.00"
10/1/2013,307,313,306,307,"2,531","778,013.00"
10/2/2013,307,310,305,307,"1,277","391,849.00"
10/3/2013,307,310,307,307,"1,024","315,799.00"
10/6/2013,307,305,304,304,"1,535","467,175.00"
10/8/2013,304,316,307,315,"9,465","2,933,789.00"
10/9/2013,315,321,318,320,"3,505","1,119,286.00"
10/10/2013,320,332,322,328,"3,779","1,241,117.00"
10/17/2013,328,334,328,334,"1,150","378,100.00"
10/20/2013,334,367,338,360,"12,304","4,428,528.00"
10/21/2013,360,369,354,354,"8,508","3,090,938.00"
10/22/2013,354,354,340,340,"3,134","1,077,016.00"
10/23/2013,340,340,330,339,528,"177,303.00"
10/24/2013,339,357,335,357,"1,735","594,259.00"
10/27/2013,357,350,339,341,"3,026","1,030,329.00"
10/28/2013,341,341,336,336,"5,246","1,767,720.00"
10/29/2013,336,342,335,335,"5,004","1,687,164.00"
10/30/2013,335,342,340,340,"1,622","552,293.00"
10/31/2013,340,346,340,340,"2,017","685,882.00"
11/6/2013,340,340,340,340,"3,800","1,292,000.00"
11/7/2013,340,340,340,340,"4,318","1,468,120.00"
11/10/2013,340,347,340,347,"1,129","384,360.00"
11/11/2013,347,351,346,350,"5,165","1,807,420.00"
11/12/2013,350,360,345,360,"5,057","1,782,292.00"
11/13/2013,360,365,353,353,"9,310","3,339,068.00"
11/14/2013,353,357,352,354,"3,593","1,273,018.00"
11/21/2013,354,375,361,375,581,"213,315.00"
11/24/2013,375,400,382,396,"5,527","2,149,172.00"
11/25/2013,396,392,380,383,"2,813","1,085,627.00"
11/26/2013,383,392,380,380,"3,576","1,377,247.00"
11/27/2013,380,383,375,375,"7,535","2,854,763.00"
11/28/2013,375,375,368,369,"4,703","1,759,092.00"
12/1/2013,369,393,370,390,"6,383","2,438,813.00"
12/2/2013,390,404,395,404,"9,094","3,632,470.00"
12/3/2013,404,423,403,423,"23,272","9,635,468.00"
12/4/2013,423,463,431,445,"19,856","8,925,542.00"
12/5/2013,445,462,430,457,"36,890","16,133,682.00"
12/8/2013,457,478,457,461,"23,774","10,997,963.00"
12/9/2013,461,507,461,505,"43,923","20,922,171.00"
12/10/2013,505,554,501,531,"20,439","10,870,125.00"
12/11/2013,531,545,522,525,"13,153","6,994,565.00"
12/12/2013,525,535,515,525,"15,802","8,250,237.00"
12/15/2013,525,545,516,530,"15,213","8,073,731.00"
12/16/2013,530,551,539,542,"21,023","11,433,272.00"
12/18/2013,542,575,545,575,"6,974","3,922,860.00"
12/19/2013,575,575,540,555,"17,136","9,500,811.00"
12/22/2013,555,555,540,550,"11,378","6,188,298.00"
12/23/2013,550,545,538,540,"4,391","2,371,454.00"
12/24/2013,540,550,531,550,"2,421","1,304,110.00"
12/26/2013,550,570,540,540,"5,350","2,950,695.00"
12/29/2013,540,558,536,554,"9,619","5,197,058.00"
12/31/2013,554,575,535,570,"57,046","31,153,356.00"
1/1/2014,570,610,561,600,"39,460","23,285,567.00"
1/2/2014,600,598,560,596,"30,856","17,731,061.00"
1/5/2014,596,600,579,590,"10,636","6,276,840.00"
1/6/2014,590,591,570,591,"5,626","3,266,264.00"
1/7/2014,591,605,574,580,"9,287","5,404,216.00"
1/8/2014,580,591,570,581,"11,168","6,443,184.00"
1/9/2014,581,592,560,582,"33,079","18,632,790.00"
1/12/2014,582,593,575,581,"9,483","5,527,492.00"
1/13/2014,581,592,580,585,"2,427","1,412,926.00"
1/14/2014,585,590,579,580,"13,117","7,620,069.00"
1/16/2014,580,605,585,595,"15,679","9,279,171.00"
1/19/2014,595,608,592,596,"9,768","5,843,259.00"
1/20/2014,596,610,596,602,"15,907","9,576,368.00"
1/21/2014,602,617,595,617,"26,717","16,014,302.00"
1/22/2014,617,610,594,595,"15,057","8,995,205.00"
1/23/2014,595,615,597,615,"45,203","27,211,531.00"
1/26/2014,615,618,594,607,"58,996","35,684,861.00"
1/27/2014,607,619,600,615,"31,083","18,815,450.00"
1/28/2014,615,668,615,650,"54,687","35,576,574.00"
1/29/2014,650,661,620,638,"101,096","64,147,619.00"
2/2/2014,638,657,625,648,"38,803","24,785,572.00"
2/3/2014,648,655,631,640,"28,090","17,993,518.00"
2/4/2014,640,656,635,650,"13,328","8,596,916.00"
2/5/2014,650,680,650,662,"54,869","36,290,141.00"
2/6/2014,662,701,671,698,"31,277","21,519,117.00"
2/9/2014,698,713,684,695,"46,645","32,404,123.00"
2/10/2014,695,714,668,682,"33,184","22,804,814.00"
2/11/2014,682,694,660,682,"49,224","32,899,816.00"
2/12/2014,682,685,644,650,"122,454","80,677,426.00"
2/13/2014,650,389,382,389,82,"31,611.00"
2/16/2014,389,427,396,427,750,"319,460.00"
2/17/2014,427,469,435,469,"1,988","928,382.00"
2/18/2014,469,515,478,495,"11,343","5,698,079.00"
2/20/2014,495,503,476,484,"5,087","2,491,129.00"
2/23/2014,484,490,460,460,"12,189","5,699,165.00"
2/24/2014,460,484,460,460,"16,114","7,504,290.00"
2/25/2014,460,469,459,469,"4,648","2,144,662.00"
2/26/2014,469,481,455,455,"3,836","1,775,329.00"
3/3/2014,455,456,433,441,"5,203","2,294,218.00"
3/4/2014,441,440,427,438,"2,322","1,003,210.00"
3/5/2014,438,463,430,451,"2,440","1,102,635.00"
3/6/2014,451,451,437,446,"1,478","657,478.00"
3/9/2014,446,450,450,450,67,"30,150.00"
3/10/2014,450,450,433,439,814,"354,961.00"
3/11/2014,439,440,400,412,"9,884","4,064,245.00"
3/12/2014,412,407,399,400,"7,964","3,207,499.00"
3/13/2014,400,408,400,400,"10,034","4,023,039.00"
3/17/2014,400,399,385,385,"1,481","574,839.00"
3/18/2014,385,386,360,360,"3,452","1,292,823.00"
3/19/2014,360,395,360,383,"9,758","3,613,615.00"
3/20/2014,383,400,390,399,"5,561","2,213,372.00"
3/23/2014,399,401,396,400,828,"330,094.00"
3/24/2014,400,400,392,399,"3,115","1,235,446.00"
3/25/2014,399,405,395,398,"3,465","1,385,757.00"
3/26/2014,398,400,390,392,"3,461","1,358,905.00"
3/27/2014,392,400,394,400,"4,707","1,870,516.00"
3/31/2014,400,415,400,412,"3,806","1,550,428.00"
4/1/2014,412,444,420,440,"2,853","1,239,625.00"
4/2/2014,440,484,436,480,"10,128","4,784,087.00"
4/3/2014,480,510,466,498,"9,172","4,472,926.00"
4/6/2014,498,499,453,460,"3,871","1,794,182.00"
4/7/2014,460,456,448,449,"4,414","1,990,839.00"
4/9/2014,449,460,449,459,"2,535","1,152,624.00"
4/10/2014,459,468,450,468,"4,374","2,032,645.00"
4/13/2014,468,470,465,470,"2,003","940,000.00"
4/15/2014,470,479,470,470,"6,204","2,931,675.00"
4/16/2014,470,478,466,472,"4,895","2,301,601.00"
4/17/2014,472,470,462,465,"2,467","1,147,709.00"
4/20/2014,465,470,450,451,"7,050","3,233,560.00"
4/21/2014,451,460,445,449,"5,303","2,392,982.00"
4/22/2014,449,452,449,450,"2,464","1,108,742.00"
4/23/2014,450,468,446,450,"9,625","4,345,068.00"
4/27/2014,450,460,450,455,"5,598","2,534,689.00"
4/28/2014,455,464,450,464,"2,923","1,332,046.00"
4/29/2014,464,460,451,451,"2,877","1,307,636.00"
4/30/2014,451,455,442,446,"6,858","3,070,735.00"
5/4/2014,446,454,435,443,"4,403","1,943,666.00"
5/5/2014,443,446,435,444,"10,800","4,746,898.00"
5/6/2014,444,452,444,451,"6,809","3,051,869.00"
5/7/2014,451,457,422,443,"11,120","4,863,855.00"
5/8/2014,443,444,430,432,"12,906","5,616,027.00"
5/11/2014,432,440,427,430,"9,930","4,275,056.00"
5/12/2014,430,442,417,431,"5,807","2,480,529.00"
5/13/2014,431,435,425,432,"3,379","1,449,536.00"
5/15/2014,432,432,425,425,"2,042","870,987.00"
5/18/2014,425,428,420,420,"2,160","915,605.00"
5/19/2014,420,430,415,420,"6,231","2,619,338.00"
5/20/2014,420,430,411,430,"3,202","1,338,718.00"
5/21/2014,430,425,419,420,"4,824","2,029,626.00"
5/22/2014,420,424,419,424,"5,616","2,361,446.00"
5/25/2014,424,433,423,423,"11,337","4,824,726.00"
5/26/2014,423,426,420,420,"5,073","2,134,824.00"
5/27/2014,420,425,412,417,"9,612","4,002,464.00"
5/28/2014,417,425,409,411,"12,430","5,160,768.00"
6/1/2014,411,418,406,409,"19,346","7,931,767.00"
6/2/2014,409,423,413,418,"12,477","5,203,346.00"
6/3/2014,418,435,418,429,"13,739","5,832,059.00"
6/4/2014,429,435,425,435,"7,162","3,060,869.00"
6/5/2014,435,430,425,428,"2,724","1,161,367.00"
6/8/2014,428,437,425,434,"2,495","1,073,606.00"
6/9/2014,434,442,428,433,"6,865","2,965,941.00"
6/10/2014,433,435,428,429,"5,816","2,502,393.00"
6/11/2014,429,434,428,430,"3,096","1,329,904.00"
6/12/2014,430,430,423,430,"3,842","1,641,518.00"
6/15/2014,430,438,425,431,"23,092","9,905,872.00"
6/16/2014,431,459,435,435,"11,289","5,016,390.00"
6/17/2014,435,448,435,441,"10,346","4,584,231.00"
6/18/2014,441,449,438,442,"16,420","7,234,872.00"
6/19/2014,442,443,436,436,"6,176","2,707,383.00"
6/23/2014,436,430,422,422,"4,187","1,780,732.00"
6/24/2014,422,435,425,430,"12,271","5,262,503.00"
6/25/2014,430,433,425,430,"12,703","5,462,728.00"
6/26/2014,430,438,427,430,"14,697","6,335,738.00"
6/29/2014,430,438,428,430,"25,038","10,811,427.00"
6/30/2014,430,439,425,435,"21,073","9,057,793.00"
7/1/2014,435,450,428,438,"43,058","18,596,824.00"
7/2/2014,438,481,435,481,"181,213","82,013,831.00"
7/3/2014,481,529,472,526,"173,554","87,574,170.00"
7/6/2014,526,565,536,558,"91,713","50,393,751.00"
7/7/2014,558,580,531,537,"79,676","43,724,747.00"
7/8/2014,537,551,529,540,"65,576","35,335,019.00"
7/9/2014,540,550,532,536,"21,978","11,821,819.00"
7/10/2014,536,543,520,540,"33,101","17,646,867.00"
7/13/2014,540,565,536,546,"31,424","17,159,880.00"
7/14/2014,546,549,530,536,"31,499","16,878,801.00"
7/15/2014,536,544,530,533,"23,254","12,439,502.00"
7/16/2014,533,546,525,531,"30,929","16,501,510.00"
7/17/2014,531,551,531,540,"29,574","15,943,641.00"
7/20/2014,540,560,530,546,"63,663","34,135,311.00"
7/21/2014,546,555,540,546,"45,770","24,988,335.00"
7/22/2014,546,550,532,535,"23,144","12,481,315.00"
7/23/2014,535,556,538,553,"44,535","24,390,221.00"
7/24/2014,553,556,540,545,"28,811","15,769,384.00"
7/27/2014,545,566,546,550,"17,955","9,916,885.00"
7/28/2014,550,555,535,544,"5,645","3,074,750.00"
7/30/2014,544,554,530,540,"21,293","11,516,074.00"
7/31/2014,540,551,536,536,"11,784","6,403,264.00"
8/3/2014,536,542,535,536,"15,092","8,103,029.00"
8/4/2014,536,541,523,541,"11,454","6,061,428.00"
8/5/2014,541,560,525,532,"45,163","24,473,025.00"
8/6/2014,532,542,508,540,"31,619","16,404,813.00"
8/7/2014,540,545,506,513,"43,530","22,284,843.00"
8/12/2014,513,510,492,493,"10,316","5,125,207.00"
8/13/2014,493,510,483,507,"14,594","7,224,870.00"
8/14/2014,507,552,500,504,"18,250","9,207,444.00"
8/18/2014,504,512,485,489,"31,098","15,461,409.00"
8/19/2014,489,500,478,484,"37,489","18,163,026.00"
8/20/2014,484,489,470,477,"49,533","23,528,291.00"
8/21/2014,477,476,433,476,"60,787","27,428,216.00"
8/24/2014,433,441,417,425,"4,361","1,875,009.00"
8/25/2014,425,420,392,399,"8,257","3,282,399.00"
8/26/2014,399,408,390,395,"11,296","4,491,506.00"
8/27/2014,395,423,400,402,"19,093","7,833,560.00"
8/28/2014,402,420,402,402,"21,754","8,914,744.00"
8/31/2014,402,408,397,400,"4,360","1,746,312.00"
9/1/2014,400,398,375,390,"12,355","4,739,655.00"
9/3/2014,390,401,389,390,"6,471","2,548,395.00"
9/4/2014,390,388,364,380,"6,248","2,359,905.00"
9/7/2014,380,382,370,373,"9,195","3,466,139.00"
9/9/2014,373,391,372,385,"24,837","9,445,664.00"
9/10/2014,385,399,380,384,"13,305","5,142,418.00"
9/11/2014,384,384,377,380,"3,617","1,373,033.00"
9/14/2014,380,387,372,380,"6,156","2,325,950.00"
9/15/2014,380,385,375,385,"7,966","3,035,414.00"
9/16/2014,385,388,380,385,"4,776","1,829,766.00"
9/17/2014,385,388,380,383,"4,429","1,696,863.00"
9/18/2014,383,385,382,385,717,"275,919.00"
9/21/2014,382,375,360,363,"13,965","5,101,323.00"
9/22/2014,363,370,348,348,"3,918","1,387,999.00"
9/23/2014,348,370,350,361,"2,487","893,456.00"
9/24/2014,361,386,362,386,"2,232","827,631.00"
9/28/2014,386,397,381,396,"4,265","1,652,219.00"
9/29/2014,396,408,389,400,"4,911","1,945,504.00"
9/30/2014,400,407,387,387,"10,947","4,327,413.00"
10/8/2014,387,380,380,380,97,"36,860.00"
10/9/2014,380,380,373,380,"3,445","1,290,984.00"
10/12/2014,380,381,363,375,"4,927","1,828,025.00"
10/13/2014,375,380,360,375,"10,243","3,752,214.00"
10/14/2014,375,376,369,374,"4,101","1,525,509.00"
10/15/2014,374,379,374,376,"4,234","1,593,688.00"
10/16/2014,376,384,380,384,"2,263","864,282.00"
10/19/2014,384,386,370,376,"5,059","1,914,899.00"
10/20/2014,376,388,369,378,"1,465","554,851.00"
10/21/2014,378,391,371,391,"3,242","1,221,905.00"
10/22/2014,391,391,385,387,"2,382","920,996.00"
10/26/2014,387,390,384,384,600,"231,000.00"
10/27/2014,384,394,380,380,"4,355","1,683,386.00"
10/28/2014,380,390,381,381,"2,747","1,058,195.00"
10/30/2014,381,382,375,379,"1,153","434,263.00"
11/2/2014,379,379,368,368,"2,538","939,992.00"
11/3/2014,368,370,361,368,"3,894","1,418,127.00"
11/4/2014,368,367,358,365,"5,407","1,953,162.00"
11/5/2014,365,370,352,366,"3,375","1,226,088.00"
11/6/2014,366,370,363,367,"2,942","1,078,197.00"
11/9/2014,367,366,354,360,"10,021","3,583,679.00"
11/10/2014,360,361,350,352,"6,199","2,190,588.00"
11/11/2014,352,370,352,370,"4,739","1,692,344.00"
11/12/2014,370,369,361,361,"1,205","439,145.00"
11/13/2014,361,361,355,359,"4,011","1,429,898.00"
11/16/2014,359,362,351,353,"3,335","1,178,222.00"
11/17/2014,353,355,333,340,"7,615","2,607,439.00"
11/18/2014,340,346,330,340,"5,172","1,738,929.00"
11/19/2014,340,359,340,350,"4,637","1,602,173.00"
11/20/2014,350,370,355,365,"2,633","953,107.00"
11/23/2014,365,380,358,363,"7,276","2,688,207.00"
11/24/2014,363,361,355,355,"5,067","1,815,590.00"
11/25/2014,355,360,350,354,"3,039","1,074,106.00"
11/30/2014,354,363,350,355,"2,169","780,692.00"
12/1/2014,355,360,347,347,"4,993","1,759,504.00"
12/2/2014,347,352,342,343,"6,539","2,262,175.00"
12/3/2014,343,357,337,350,"7,340","2,559,614.00"
12/4/2014,350,356,350,350,"4,714","1,663,772.00"
12/7/2014,350,355,348,350,"3,241","1,135,850.00"
12/8/2014,350,352,350,350,"1,552","544,146.00"
12/9/2014,350,351,349,350,"1,542","539,513.00"
12/10/2014,350,364,350,352,"4,880","1,718,832.00"
12/11/2014,352,362,348,362,"6,769","2,381,592.00"
12/14/2014,362,390,369,382,"6,083","2,304,363.00"
12/15/2014,382,391,361,384,"17,687","6,727,543.00"
12/16/2014,384,381,370,374,"10,113","3,799,183.00"
12/17/2014,374,376,367,370,"4,450","1,652,816.00"
12/18/2014,370,367,356,362,"4,696","1,692,282.00"
12/21/2014,362,358,355,357,"2,254","804,296.00"
12/22/2014,357,357,351,355,"2,677","947,397.00"
12/23/2014,355,354,346,350,"7,836","2,731,334.00"
12/24/2014,350,360,350,353,"13,872","4,884,482.00"
12/28/2014,353,374,355,374,"5,716","2,087,010.00"
12/29/2014,374,372,362,372,"1,849","675,580.00"
12/31/2014,372,365,355,362,"5,587","2,018,204.00"
1/1/2015,362,365,360,360,"2,812","1,018,448.00"
1/4/2015,360,367,358,362,"6,607","2,387,278.00"
1/5/2015,362,369,360,362,"8,022","2,917,877.00"
1/6/2015,362,369,351,355,"3,966","1,409,482.00"
1/7/2015,355,365,352,357,"12,041","4,307,709.00"
1/8/2015,357,370,355,360,"12,627","4,537,188.00"
1/11/2015,360,365,355,357,"7,686","2,743,898.00"
1/12/2015,357,360,351,359,"6,692","2,374,506.00"
1/13/2015,359,366,353,366,"3,131","1,122,594.00"
1/14/2015,366,370,365,367,"3,870","1,419,008.00"
1/18/2015,367,370,363,363,"5,197","1,897,706.00"
1/19/2015,363,398,369,375,"11,524","4,356,012.00"
1/20/2015,375,380,366,369,"5,260","1,944,947.00"
1/22/2015,369,373,363,367,"5,315","1,937,521.00"
1/25/2015,367,372,355,372,"3,018","1,097,661.00"
1/26/2015,372,375,361,366,"4,844","1,770,820.00"
1/27/2015,366,374,350,374,"20,013","7,166,082.00"
1/28/2015,374,388,370,375,"12,374","4,652,248.00"
1/29/2015,375,380,369,375,"12,603","4,694,299.00"
2/1/2015,375,373,368,373,"12,533","4,632,552.00"
2/2/2015,373,378,370,372,"3,067","1,139,174.00"
2/3/2015,372,371,365,370,"6,489","2,374,202.00"
2/4/2015,370,368,360,363,"3,334","1,217,649.00"
2/5/2015,363,365,360,362,"8,844","3,199,605.00"
2/8/2015,362,368,359,360,"10,918","3,937,982.00"
2/9/2015,360,365,354,360,"8,575","3,094,442.00"
2/10/2015,360,364,357,360,"4,313","1,552,880.00"
2/11/2015,360,363,346,363,"4,575","1,641,880.00"
2/12/2015,363,365,358,358,"3,601","1,295,140.00"
2/15/2015,358,360,351,354,"11,221","3,967,120.00"
2/16/2015,354,354,343,352,"18,079","6,321,160.00"
2/18/2015,352,361,350,353,"6,118","2,155,540.00"
2/22/2015,353,353,347,348,"9,716","3,397,110.00"
2/23/2015,348,354,342,348,"3,972","1,380,970.00"
2/24/2015,348,349,343,348,"4,136","1,431,080.00"
2/25/2015,348,350,343,348,"9,581","3,318,010.00"
2/26/2015,348,352,352,352,23,"8,096.00"
3/1/2015,355,349,345,347,"2,959","1,022,920.00"
3/2/2015,347,351,347,351,"6,723","2,346,094.00"
3/3/2015,351,357,345,346,"3,217","1,119,620.00"
3/4/2015,346,354,341,350,"3,456","1,208,930.00"
3/9/2015,350,355,350,354,"9,350","3,285,980.00"
3/10/2015,354,353,348,349,"1,925","673,226.00"
3/11/2015,349,354,346,352,"5,899","2,052,720.00"
3/12/2015,352,355,348,348,"1,520","530,897.00"
3/15/2015,348,348,344,345,"5,636","1,945,734.00"
3/16/2015,345,348,340,341,"7,456","2,554,923.00"
3/17/2015,341,345,335,345,"2,278","779,869.00"
3/18/2015,345,346,335,344,"5,413","1,835,351.00"
3/19/2015,344,358,342,358,"4,124","1,420,508.00"
3/22/2015,358,368,345,347,"4,075","1,435,060.00"
3/23/2015,347,345,334,341,"7,523","2,563,830.00"
3/24/2015,341,346,335,340,"2,149","730,482.00"
3/25/2015,340,344,340,343,"3,185","1,090,064.00"
3/26/2015,343,343,337,341,"4,501","1,529,715.00"
3/29/2015,341,341,335,336,"4,270","1,441,732.00"
3/30/2015,336,345,334,345,"2,845","962,434.00"
3/31/2015,345,343,337,342,"5,880","1,995,637.00"
4/1/2015,342,346,340,343,"1,514","516,013.00"
4/2/2015,343,342,337,337,"3,753","1,269,462.00"
4/5/2015,337,343,338,340,"2,685","913,080.00"
4/6/2015,340,340,332,336,"3,670","1,232,507.00"
4/7/2015,336,340,333,338,"2,975","994,464.00"
4/8/2015,338,340,335,339,"3,230","1,088,706.00"
4/9/2015,339,342,334,336,"3,751","1,263,989.00"
4/12/2015,336,348,342,344,"2,840","980,723.00"
4/13/2015,344,347,340,345,"4,619","1,585,337.00"
4/15/2015,345,345,340,345,"1,709","581,367.00"
4/16/2015,345,341,337,337,"2,693","911,933.00"
4/19/2015,337,345,334,345,"7,789","2,664,095.00"
4/20/2015,345,348,340,348,"5,167","1,778,667.00"
4/21/2015,348,351,349,350,849,"297,489.00"
4/22/2015,350,352,342,342,244,"85,443.00"
4/23/2015,350,347,340,346,"3,665","1,253,920.00"
5/24/2015,346,340,322,322,46,"15,244.00"
5/25/2015,322,316,290,290,"1,062","310,812.00"
5/26/2015,290,295,272,275,"15,445","4,307,630.00"
5/27/2015,275,278,255,265,"7,572","2,010,640.00"
5/28/2015,265,280,265,279,"7,879","2,146,740.00"
5/31/2015,279,300,282,299,"7,909","2,313,390.00"
6/1/2015,299,309,300,302,"8,778","2,670,570.00"
6/2/2015,302,308,295,308,"6,997","2,097,110.00"
6/3/2015,308,322,304,322,"4,734","1,497,870.00"
6/4/2015,322,326,320,326,"9,099","2,926,659.00"
6/7/2015,326,331,322,330,"4,996","1,637,110.00"
6/8/2015,330,351,330,346,"4,529","1,530,270.00"
6/9/2015,346,358,350,353,"8,335","2,940,467.00"
6/10/2015,353,360,340,340,"1,489","510,610.00"
6/11/2015,340,334,324,327,"7,078","2,313,411.00"
6/14/2015,327,330,324,325,"7,918","2,589,038.00"
6/15/2015,325,335,325,335,"4,294","1,421,682.00"
6/16/2015,334,335,323,328,"4,779","1,562,092.00"
6/17/2015,328,334,322,329,"2,616","850,207.00"
6/18/2015,329,335,335,335,32,"10,720.00"
6/21/2015,335,334,314,318,"2,379","758,578.00"
6/22/2015,313,324,312,318,"7,014","2,231,410.00"
6/23/2015,317,323,312,323,"6,719","2,129,020.00"
6/24/2015,325,333,318,318,"2,008","647,068.00"
6/25/2015,320,333,317,324,"4,048","1,302,660.00"
6/28/2015,324,326,318,320,"8,532","2,727,070.00"
6/29/2015,326,326,319,325,"3,261","1,048,160.00"
6/30/2015,325,325,320,321,"1,106","355,034.00"
7/1/2015,323,325,318,318,"5,335","1,704,660.00"
7/2/2015,316,318,312,315,"3,214","1,011,250.00"
7/5/2015,309,316,309,315,"2,399","746,942.00"
7/6/2015,315,319,314,315,"5,348","1,685,640.00"
7/7/2015,321,324,312,312,"3,154","996,175.00"
7/8/2015,315,331,315,331,573,"185,841.00"
7/9/2015,325,325,314,319,"3,088","982,731.00"
7/12/2015,319,319,317,318,"4,179","1,328,080.00"
7/13/2015,317,322,315,318,"7,194","2,283,420.00"
7/14/2015,320,321,318,321,"4,121","1,314,730.00"
7/15/2015,318,322,318,322,"3,872","1,238,060.00"
7/16/2015,322,321,317,319,881,"280,434.00"
7/22/2015,320,320,313,316,"8,554","2,712,410.00"
7/23/2015,316,322,317,320,"9,595","3,067,031.00"
7/26/2015,320,344,326,344,"1,700","578,800.00"
7/27/2015,344,350,323,323,"5,870","2,002,198.00"
7/28/2015,323,319,310,310,"9,134","2,840,990.00"
7/29/2015,310,313,305,308,"9,298","2,869,340.00"
7/30/2015,308,319,309,313,"16,138","5,072,590.00"
8/2/2015,313,314,308,312,"1,361","421,857.00"
8/3/2015,312,311,304,305,"10,963","3,355,510.00"
8/4/2015,305,313,305,310,"6,855","2,113,610.00"
8/5/2015,310,314,305,308,"7,533","2,311,280.00"
8/6/2015,308,313,300,300,"10,766","3,289,526.00"
8/9/2015,300,310,300,303,"18,895","5,715,963.00"
8/10/2015,303,308,300,304,"13,455","4,080,380.00"
8/11/2015,304,305,298,300,"14,170","4,258,490.00"
8/12/2015,301,304,295,300,"6,365","1,909,850.00"
8/13/2015,300,301,298,298,"11,156","3,338,280.00"
8/16/2015,0,306,272,288,"5,088","1,468,840.00"
8/17/2015,292,303,292,299,"6,382","1,901,060.00"
8/18/2015,299,300,294,294,"9,602","2,849,590.00"
8/19/2015,293,300,288,296,"11,580","3,413,170.00"
8/20/2015,298,298,290,292,"14,022","4,096,860.00"
8/23/2015,287,287,272,275,"10,384","2,863,140.00"
8/24/2015,275,286,265,280,"24,531","6,675,780.00"
8/25/2015,275,284,265,280,"17,311","4,735,480.00"
8/26/2015,280,285,271,281,"17,432","4,883,400.00"
8/27/2015,278,283,277,283,"2,219","617,340.00"
8/31/2015,282,283,275,277,"2,512","697,211.00"
9/1/2015,277,282,272,282,"18,241","5,039,531.00"
9/2/2015,280,285,280,283,"2,160","608,146.00"
9/3/2015,283,287,280,286,"4,379","1,240,900.00"
9/6/2015,285,285,278,280,"7,040","1,974,190.00"
9/7/2015,278,279,268,278,"3,764","1,028,140.00"
9/8/2015,275,277,271,277,"4,777","1,310,620.00"
9/9/2015,277,282,275,280,"3,125","870,760.00"
9/10/2015,280,280,274,279,"3,873","1,066,460.00"
9/13/2015,276,277,270,270,"7,073","1,925,210.00"
9/14/2015,274,283,274,280,"1,639","459,365.00"
9/15/2015,285,288,282,284,"6,124","1,740,180.00"
9/16/2015,280,285,280,280,"2,247","629,868.00"
9/17/2015,285,285,280,284,"4,486","1,265,680.00"
9/22/2015,280,280,280,280,369,"103,320.00"
9/23/2015,285,299,282,291,"6,330","1,850,380.00"
9/24/2015,286,286,280,280,"2,688","757,587.00"
9/29/2015,276,281,276,280,"9,447","2,642,460.00"
9/30/2015,281,283,280,281,"1,700","478,790.00"
10/1/2015,280,280,271,276,"1,632","450,061.00"
10/4/2015,275,280,273,276,"10,168","2,805,880.00"
10/5/2015,276,278,273,278,"4,836","1,337,560.00"
10/6/2015,274,279,273,275,"5,098","1,400,120.00"
10/7/2015,270,274,267,274,"4,193","1,131,260.00"
10/8/2015,277,277,266,277,"4,508","1,229,720.00"
10/11/2015,274,279,272,277,"13,224","3,638,350.00"
10/14/2015,273,273,271,271,201,"54,673.00"
10/15/2015,270,273,266,266,884,"238,992.00"
10/18/2015,261,270,261,266,"2,058","546,968.00"
10/27/2015,261,266,257,259,"1,846","479,414.00"
10/28/2015,254,255,251,255,"2,002","506,306.00"
10/29/2015,255,265,255,265,"1,607","417,820.00"
11/1/2015,268,273,267,269,"6,745","1,816,110.00"
11/2/2015,274,280,269,275,"2,115","577,516.00"
11/3/2015,278,278,275,275,"2,334","645,761.00"
11/4/2015,280,280,272,272,"2,788","760,348.00"
11/5/2015,275,299,270,299,"2,874","792,337.00"
11/8/2015,294,296,289,296,296,"86,844.00"
11/9/2015,291,291,271,272,734,"201,695.00"
11/10/2015,271,275,268,272,"4,406","1,193,600.00"
11/15/2015,267,270,262,270,303,"81,056.00"
11/16/2015,268,270,268,268,"2,184","587,148.00"
11/18/2015,273,273,268,271,"2,833","763,004.00"
11/19/2015,266,270,265,267,"1,550","413,951.00"
11/22/2015,262,265,255,256,"6,871","1,781,300.00"
11/23/2015,256,261,252,261,"1,376","353,275.00"
11/24/2015,260,278,260,278,"4,441","1,163,620.00"
11/25/2015,273,273,258,268,"2,639","692,424.00"
11/26/2015,268,268,258,260,"1,484","394,856.00"
11/29/2015,255,256,251,253,"4,283","1,084,860.00"
11/30/2015,258,267,255,267,"3,588","921,867.00"
12/1/2015,267,266,260,264,"5,524","1,448,068.00"
12/2/2015,268,275,257,275,"4,455","1,165,190.00"
12/3/2015,270,280,269,280,482,"130,900.00"
12/6/2015,277,279,270,270,"2,748","758,090.00"
12/7/2015,265,265,260,260,"4,152","1,084,920.00"
12/8/2015,260,263,258,263,"3,447","896,028.00"
12/9/2015,262,265,260,265,"3,823","998,391.00"
12/10/2015,263,268,260,263,"3,245","853,212.00"
12/13/2015,263,272,263,270,"3,276","877,568.00"
12/14/2015,265,270,264,270,531,"141,687.00"
12/15/2015,265,267,258,265,"1,957","516,772.00"
12/16/2015,262,265,260,260,"10,395","2,718,620.00"
12/17/2015,260,261,257,260,"6,204","1,612,820.00"
12/20/2015,260,260,258,260,"10,840","2,808,136.00"
12/21/2015,260,259,255,258,"2,708","694,316.00"
12/22/2015,260,263,257,258,"4,944","1,277,140.00"
12/23/2015,258,261,255,260,"1,794","460,108.00"
12/24/2015,260,260,253,258,"1,469","376,363.00"
12/27/2015,256,263,255,259,"1,606","414,540.00"
12/28/2015,259,258,253,255,"11,495","2,926,662.00"
12/29/2015,255,262,254,255,"2,124","546,154.00"
12/31/2015,254,264,254,260,"4,564","1,179,740.00"
1/3/2016,258,258,253,256,"3,910","1,000,110.00"
1/4/2016,256,261,254,257,"5,072","1,296,773.00"
1/5/2016,252,275,252,270,"8,473","2,180,380.00"
1/6/2016,268,268,254,262,"5,504","1,417,810.00"
1/7/2016,258,265,254,256,"5,041","1,300,270.00"
1/10/2016,256,261,255,257,"4,883","1,255,364.00"
1/11/2016,254,261,250,260,"10,060","2,581,740.00"
1/12/2016,255,260,253,260,"6,323","1,631,750.00"
1/13/2016,260,265,255,260,"8,237","2,135,212.00"
1/14/2016,260,266,257,260,"11,367","2,960,860.00"
1/19/2016,265,285,265,285,50,"13,750.00"
1/20/2016,290,312,290,312,50,"15,030.00"
1/21/2016,312,343,318,343,"2,600","887,576.00"
1/24/2016,343,349,345,349,210,"72,650.00"
1/25/2016,355,361,355,361,226,"80,600.00"
1/27/2016,361,354,354,354,20,"7,080.00"
1/28/2016,347,347,341,341,44,"15,208.00"
2/1/2016,341,335,335,335,100,"33,500.00"
2/4/2016,329,329,329,329,10,"3,290.00"
2/7/2016,329,323,297,297,"5,570","1,655,450.00"
2/8/2016,297,322,281,305,"30,502","9,096,250.00"
2/11/2016,305,305,294,295,"7,276","2,177,319.00"
2/14/2016,290,304,290,300,"14,582","4,356,080.00"
2/15/2016,306,310,297,298,"9,010","2,690,360.00"
2/16/2016,298,303,290,299,"4,320","1,267,860.00"
2/17/2016,299,299,294,298,"3,025","899,231.00"
2/18/2016,298,300,294,296,"7,735","2,304,495.00"
2/21/2016,301,301,298,301,"10,123","3,040,630.00"
2/22/2016,301,306,297,306,"11,438","3,436,140.00"
2/23/2016,306,302,301,301,"3,494","1,052,194.00"
2/24/2016,297,300,297,300,"1,230","367,650.00"
2/25/2016,298,298,295,298,"1,770","523,920.00"
2/28/2016,298,303,294,294,"6,537","1,937,205.00"
2/29/2016,294,293,290,290,"2,597","756,451.00"
3/1/2016,290,291,286,291,"1,900","547,170.00"
3/2/2016,286,301,286,301,"2,109","619,207.00"
3/3/2016,300,300,289,297,"5,180","1,520,060.00"
3/6/2016,300,306,295,296,"7,987","2,400,980.00"
3/10/2016,300,324,298,324,"28,846","9,076,840.00"
3/13/2016,330,356,330,356,"75,657","26,591,200.00"
3/14/2016,363,391,363,375,"72,120","27,318,900.00"
3/15/2016,370,370,341,341,"36,177","12,616,400.00"
3/16/2016,336,338,325,334,"12,334","4,077,010.00"
3/17/2016,338,340,323,340,"14,994","4,945,220.00"
3/20/2016,342,346,329,339,"10,824","3,629,820.00"
3/21/2016,345,345,330,331,"11,009","3,682,260.00"
3/23/2016,325,330,320,328,"7,072","2,306,480.00"
3/24/2016,328,334,314,314,"16,649","5,331,002.00"
3/27/2016,314,316,302,314,"15,456","4,779,395.00"
3/28/2016,314,315,311,313,"8,105","2,531,575.00"
3/29/2016,313,314,305,310,"4,057","1,259,537.00"
3/30/2016,310,316,305,306,"7,975","2,465,701.00"
3/31/2016,306,315,303,308,"7,797","2,410,337.00"
4/3/2016,308,313,301,313,"9,938","3,026,033.00"
4/4/2016,313,315,305,310,"8,231","2,548,961.00"
4/5/2016,310,315,308,314,"6,335","1,971,130.00"
4/6/2016,314,315,306,306,"7,395","2,291,148.00"
4/10/2016,306,310,302,306,"9,705","2,970,974.00"
4/11/2016,306,309,305,309,"3,793","1,162,761.00"
4/12/2016,309,309,305,305,"2,060","629,846.00"
4/14/2016,305,311,301,310,"7,178","2,191,076.00"
4/17/2016,307,310,307,310,"3,426","1,059,900.00"
4/18/2016,310,316,309,309,"3,413","1,061,364.00"
4/19/2016,309,310,305,310,"11,936","3,664,925.00"
4/20/2016,310,310,306,309,"15,598","4,807,213.00"
4/21/2016,309,308,303,303,"14,729","4,503,722.00"
4/24/2016,303,310,304,306,"7,322","2,240,348.00"
4/25/2016,306,305,301,302,"14,693","4,447,772.00"
4/26/2016,302,308,300,305,"17,487","5,302,070.00"
4/27/2016,305,304,300,304,"10,935","3,301,416.00"
4/28/2016,304,310,300,310,"5,412","1,644,914.00"
5/2/2016,310,309,304,307,"12,570","3,863,913.00"
5/3/2016,307,331,305,327,"64,128","20,586,310.00"
5/4/2016,327,326,315,320,"9,744","3,114,595.00"
5/5/2016,320,318,310,314,"12,283","3,852,674.00"
5/8/2016,314,327,317,320,"25,974","8,367,963.00"
5/9/2016,321,338,318,332,"29,320","9,637,020.00"
5/10/2016,332,343,330,330,"25,723","8,675,780.00"
5/11/2016,330,339,330,332,"10,800","3,596,407.00"
5/12/2016,332,344,336,336,"28,999","9,852,036.00"
5/15/2016,339,340,330,335,"9,850","3,300,590.00"
5/16/2016,335,340,330,333,"8,084","2,701,565.00"
5/17/2016,329,333,328,329,"13,306","4,392,580.00"
5/18/2016,329,338,333,335,"11,248","3,773,038.00"
5/19/2016,335,340,330,335,"9,542","3,201,338.00"
5/22/2016,335,337,330,331,"26,817","8,963,504.00"
5/23/2016,331,334,328,334,"14,083","4,668,974.00"
5/24/2016,334,335,331,332,"13,309","4,435,578.00"
5/25/2016,332,338,330,338,"21,449","7,186,279.00"
5/26/2016,338,338,330,337,"11,988","3,991,454.00"
5/29/2016,337,349,334,334,"9,597","3,258,226.00"
5/30/2016,334,342,336,340,"12,088","4,102,553.00"
5/31/2016,340,374,340,374,"61,779","22,662,140.00"
6/1/2016,374,402,354,366,"78,039","29,209,511.00"
6/2/2016,366,365,353,356,"25,787","9,228,426.00"
6/5/2016,356,353,340,340,"16,319","5,665,713.00"
6/6/2016,340,352,343,350,"11,655","4,061,963.00"
6/7/2016,350,350,343,348,"9,737","3,369,170.00"
6/8/2016,348,354,342,349,"13,836","4,789,227.00"
6/9/2016,349,352,336,349,"26,484","9,145,670.00"
6/12/2016,349,357,344,356,"50,039","17,588,019.00"
6/13/2016,356,363,350,355,"43,140","15,340,840.00"
6/14/2016,358,375,357,365,"67,920","24,893,000.00"
6/15/2016,367,370,357,359,"27,350","9,945,110.00"
6/16/2016,359,394,366,378,"47,493","17,656,672.00"
6/19/2016,378,409,375,390,"90,850","35,419,118.00"
6/20/2016,390,402,383,386,"60,257","23,900,165.00"
6/21/2016,386,400,386,390,"38,502","15,135,889.00"
6/22/2016,397,404,388,396,"29,094","11,429,500.00"
6/23/2016,396,435,401,435,"156,869","66,459,227.00"
6/26/2016,435,443,415,415,"62,449","26,517,911.00"
6/27/2016,415,434,420,424,"56,552","24,075,475.00"
6/28/2016,424,435,416,429,"27,672","11,696,232.00"
6/29/2016,429,437,418,433,"67,476","28,794,716.00"
6/30/2016,433,437,425,435,"60,741","26,110,600.00"
7/3/2016,435,450,430,434,"19,157","8,329,221.00"
7/4/2016,434,434,427,428,"22,942","9,876,812.00"
7/5/2016,428,430,423,425,"10,719","4,581,262.00"
7/6/2016,425,428,420,422,"20,544","8,669,870.00"
7/10/2016,422,425,417,420,"33,129","13,908,925.00"
7/11/2016,420,420,405,412,"14,144","5,841,361.00"
7/12/2016,412,412,393,405,"22,869","9,211,460.00"
7/13/2016,405,400,385,397,"15,233","6,032,779.00"
7/14/2016,395,423,395,412,"42,759","17,863,600.00"
7/17/2016,412,435,415,421,"32,931","14,193,922.00"
7/18/2016,421,429,413,415,"13,166","5,493,523.00"
7/19/2016,415,424,405,420,"38,058","15,813,300.00"
7/20/2016,422,422,412,414,"11,320","4,709,540.00"
7/21/2016,414,414,401,413,"23,283","9,504,104.00"
7/25/2016,413,420,410,415,"21,184","8,798,701.00"
7/26/2016,415,428,410,424,"35,590","14,854,924.00"
7/27/2016,424,435,416,427,"33,978","14,446,653.00"
7/28/2016,427,428,415,423,"28,720","12,131,249.00"
7/31/2016,423,465,420,465,"135,415","60,799,361.00"
8/1/2016,465,485,440,458,"50,730","23,334,558.00"
8/2/2016,458,455,436,444,"54,916","24,450,641.00"
8/3/2016,444,444,416,444,"24,492","10,715,367.00"
8/4/2016,444,452,415,415,"29,163","12,420,223.00"
8/7/2016,415,456,423,445,"70,764","32,194,670.00"
8/8/2016,445,440,403,411,"40,204","16,866,048.00"
8/9/2016,411,445,419,430,"5,971","2,612,269.00"
8/10/2016,438,453,414,434,"65,264","28,116,400.00"
8/11/2016,436,439,424,430,"89,007","38,528,900.00"
8/14/2016,422,422,404,418,"106,293","43,745,200.00"
8/15/2016,380,394,350,370,"35,439","13,017,900.00"
8/16/2016,365,367,349,355,"6,738","2,413,480.00"
8/17/2016,362,375,362,370,"15,832","5,794,670.00"
8/21/2016,368,368,354,362,"2,985","1,077,430.00"
8/22/2016,354,354,325,335,"12,380","4,198,160.00"
8/23/2016,330,340,316,331,"15,006","4,835,640.00"
8/24/2016,337,338,315,324,"7,157","2,314,560.00"
8/28/2016,324,346,318,336,"5,064","1,678,820.00"
8/29/2016,330,340,322,340,"6,465","2,164,150.00"
8/30/2016,335,343,335,343,"4,138","1,401,840.00"
8/31/2016,337,337,317,323,"13,230","4,270,030.00"
9/1/2016,317,322,312,317,"8,824","2,798,250.00"
9/4/2016,317,339,313,339,"15,750","5,092,280.00"
9/5/2016,345,345,323,329,"7,583","2,520,990.00"
9/6/2016,324,328,322,322,"4,247","1,377,400.00"
9/7/2016,327,327,315,322,"8,267","2,629,770.00"
9/8/2016,322,322,317,319,"6,626","2,117,450.00"
9/11/2016,318,319,310,319,"6,643","2,083,810.00"
9/12/2016,314,322,313,314,"3,344","1,062,410.00"
9/14/2016,315,319,311,317,"14,414","4,514,930.00"
9/18/2016,321,321,310,316,"9,852","3,088,550.00"
9/20/2016,311,319,311,319,"19,641","6,205,520.00"
9/21/2016,313,320,312,320,"16,016","5,053,320.00"
9/22/2016,321,337,318,321,"11,901","3,842,450.00"
9/26/2016,308,316,308,312,"12,182","3,824,250.00"
9/27/2016,312,315,310,312,"11,066","3,457,880.00"
9/28/2016,306,315,306,311,"4,388","1,360,100.00"
9/29/2016,306,310,298,306,"21,704","6,580,500.00"
10/2/2016,300,308,289,308,"16,525","4,890,740.00"
10/3/2016,303,306,300,305,"18,923","5,720,430.00"
10/4/2016,305,307,301,304,"8,603","2,624,210.00"
10/5/2016,305,317,305,305,"15,217","4,693,910.00"
10/6/2016,311,322,306,322,"9,330","2,953,280.00"
10/16/2016,316,324,311,315,"5,959","1,888,130.00"
10/17/2016,311,318,311,316,"8,800","2,773,420.00"
10/18/2016,313,316,313,315,"3,832","1,204,500.00"
10/19/2016,312,321,311,314,"6,093","1,907,740.00"
10/20/2016,315,315,310,314,"8,394","2,616,280.00"
10/23/2016,310,317,309,313,"8,181","2,564,540.00"
10/24/2016,308,319,308,318,"8,316","2,614,430.00"
10/25/2016,312,316,310,314,"6,363","1,997,750.00"
10/26/2016,313,314,312,314,"5,324","1,665,860.00"
10/27/2016,320,320,312,318,"2,273","717,671.00"
11/3/2016,312,312,306,312,"1,642","509,052.00"
11/7/2016,306,311,306,310,"6,544","2,021,890.00"
11/8/2016,311,312,306,307,"7,379","2,282,710.00"
11/9/2016,307,307,300,300,"9,327","2,829,150.00"
11/10/2016,294,304,294,303,"5,246","1,572,230.00"
11/13/2016,297,302,295,301,"7,990","2,398,750.00"
11/14/2016,297,301,295,296,"3,195","946,965.00"
11/15/2016,301,298,293,298,"2,655","783,348.00"
11/16/2016,295,296,290,290,"5,329","1,561,000.00"
11/17/2016,290,295,285,295,"2,824","811,976.00"
11/20/2016,295,295,280,280,"1,020","291,300.00"
11/21/2016,280,284,266,270,"19,562","5,312,800.00"
11/22/2016,265,278,265,273,"6,612","1,796,370.00"
11/23/2016,271,275,260,265,"8,129","2,177,600.00"
11/24/2016,267,275,264,270,"10,701","2,866,920.00"
11/27/2016,265,265,245,250,"19,305","4,833,530.00"
11/28/2016,245,270,232,270,"5,222","1,290,980.00"
11/29/2016,265,280,255,280,"7,905","2,145,550.00"
11/30/2016,285,291,272,290,"21,105","5,936,200.00"
12/1/2016,287,290,272,272,"9,291","2,587,270.00"
12/4/2016,277,277,268,268,"2,417","661,238.00"
12/5/2016,270,270,265,265,647,"172,790.00"
12/6/2016,266,270,260,270,"4,261","1,131,150.00"
12/7/2016,267,270,267,268,"4,512","1,208,290.00"
12/8/2016,263,265,260,261,"4,478","1,175,750.00"
12/11/2016,255,260,255,256,"2,743","706,381.00"
12/12/2016,252,257,250,252,"1,745","440,150.00"
12/14/2016,257,259,253,259,"1,778","455,434.00"
12/15/2016,258,266,256,264,"1,660","434,130.00"
12/18/2016,265,271,259,271,990,"260,623.00"
12/19/2016,266,266,261,261,"3,187","838,598.00"
12/20/2016,260,260,255,255,"4,813","1,233,610.00"
12/21/2016,252,258,250,253,"3,627","918,303.00"
12/22/2016,248,255,246,255,344,"86,510.00"
12/26/2016,255,255,241,241,"9,156","2,243,730.00"
12/27/2016,240,246,236,242,"4,439","1,063,750.00"
12/28/2016,246,250,239,245,"7,568","1,843,480.00"
12/29/2016,248,250,246,248,"7,942","1,975,920.00"
1/1/2017,246,260,246,250,"10,091","2,547,960.00"
1/2/2017,255,255,246,246,"9,057","2,257,770.00"
1/3/2017,242,255,242,255,"7,007","1,720,780.00"
1/4/2017,250,255,248,252,"3,661","918,910.00"
1/5/2017,248,250,248,250,"2,129","531,672.00"
1/8/2017,246,250,245,250,"3,126","771,242.00"
1/9/2017,250,252,248,252,336,"83,808.00"
1/10/2017,252,255,250,255,"1,154","288,950.00"
1/11/2017,259,259,247,249,"4,037","1,014,490.00"
1/12/2017,250,255,249,253,"6,482","1,619,580.00"
1/15/2017,252,252,247,247,"2,709","674,791.00"
1/16/2017,243,249,243,245,"4,183","1,029,040.00"
1/17/2017,245,247,244,247,"2,049","501,652.00"
1/18/2017,244,247,244,247,491,"120,479.00"
1/19/2017,245,248,244,245,"3,921","960,241.00"
1/22/2017,244,251,243,251,"4,038","999,334.00"
1/23/2017,246,250,246,247,"9,685","2,401,790.00"
1/24/2017,245,250,245,247,"7,167","1,771,820.00"
1/25/2017,243,245,240,241,"3,320","804,530.00"
1/26/2017,237,237,226,233,"7,702","1,784,510.00"
1/30/2017,229,229,210,214,"5,775","1,246,500.00"
1/31/2017,210,223,206,223,"2,518","538,276.00"
2/1/2017,227,243,227,236,"2,764","652,290.00"
2/2/2017,240,244,230,230,"18,329","4,384,130.00"
2/5/2017,230,234,223,224,"3,768","847,993.00"
2/6/2017,220,228,219,228,957,"211,944.00"
2/7/2017,224,225,220,221,"11,067","2,447,620.00"
2/8/2017,221,221,218,218,"4,713","1,030,860.00"
2/9/2017,220,220,212,212,"7,226","1,556,940.00"
2/12/2017,209,212,205,205,"5,197","1,079,210.00"
2/13/2017,208,220,201,220,"3,448","702,246.00"
2/14/2017,216,216,200,216,"5,516","1,123,760.00"
2/15/2017,220,220,209,219,"5,154","1,110,440.00"
2/16/2017,223,223,215,220,"2,683","586,997.00"
2/19/2017,216,222,216,222,"6,166","1,349,200.00"
2/20/2017,222,230,215,218,"5,449","1,191,230.00"
2/21/2017,219,219,212,212,"3,733","813,734.00"
2/22/2017,208,212,204,208,"2,484","514,164.00"
2/23/2017,208,216,208,209,"3,577","758,914.00"
2/26/2017,206,208,205,207,"1,269","263,012.00"
2/28/2017,210,210,206,208,"1,662","344,153.00"
3/1/2017,206,213,205,213,"3,317","690,668.00"
3/2/2017,211,214,207,214,"2,681","563,722.00"
3/7/2017,215,215,206,210,"3,347","703,252.00"
3/9/2017,210,222,210,221,"4,040","881,710.00"
3/13/2017,219,229,219,228,"11,867","2,671,360.00"
3/14/2017,224,226,219,222,"6,406","1,423,560.00"
3/15/2017,218,237,216,230,"11,463","2,579,800.00"
3/16/2017,231,231,222,227,"3,869","871,958.00"
3/19/2017,227,235,224,229,"6,260","1,437,929.00"
3/20/2017,230,237,229,232,"9,785","2,270,260.00"
3/21/2017,236,240,227,240,"4,241","978,686.00"
3/22/2017,244,262,237,242,"28,299","6,974,340.00"
3/23/2017,246,264,234,260,"28,717","7,267,280.00"
3/26/2017,268,289,255,278,"42,623","11,822,500.00"
3/28/2017,278,298,273,288,"5,931","1,700,500.00"
3/29/2017,288,293,266,271,"22,957","6,389,380.00"
3/30/2017,271,279,266,270,"9,588","2,587,212.00"
4/2/2017,275,288,270,275,"6,514","1,825,820.00"
4/3/2017,280,295,275,275,"19,680","5,499,090.00"
4/4/2017,272,276,265,276,"16,352","4,432,410.00"
4/6/2017,276,275,267,273,"8,798","2,371,632.00"
4/9/2017,273,290,271,288,"18,557","5,142,510.00"
4/10/2017,286,304,286,300,"39,707","11,737,300.00"
4/11/2017,306,316,296,301,"20,961","6,294,180.00"
4/12/2017,300,306,295,295,"22,956","6,866,260.00"
4/13/2017,290,293,283,287,"4,349","1,253,270.00"
4/16/2017,292,292,273,280,"14,739","4,146,050.00"
4/18/2017,285,287,270,279,"7,247","1,987,410.00"
4/19/2017,279,284,272,284,"8,409","2,355,658.00"
4/20/2017,279,291,275,291,"4,211","1,180,110.00"
4/23/2017,291,304,286,290,"16,099","4,712,969.00"
4/24/2017,285,293,280,287,"18,004","5,130,040.00"
4/25/2017,286,286,278,283,"10,975","3,080,720.00"
4/26/2017,280,293,279,292,"12,747","3,637,430.00"
4/27/2017,288,297,279,290,"37,296","10,681,600.00"
4/30/2017,285,295,276,290,"14,105","3,989,360.00"
5/2/2017,285,290,275,275,"14,592","4,119,450.00"
5/3/2017,280,285,278,282,"3,195","897,094.00"
5/4/2017,278,280,276,277,"3,005","833,880.00"
5/7/2017,277,279,266,270,"1,957","535,684.00"
5/8/2017,266,286,265,276,"8,621","2,379,260.00"
5/9/2017,275,294,270,285,"19,785","5,573,857.00"
5/11/2017,290,310,288,304,"92,535","27,815,800.00"
5/15/2017,312,318,294,302,"78,557","23,668,600.00"
5/16/2017,302,306,296,306,"16,506","4,946,730.00"
5/17/2017,300,305,297,303,"11,239","3,381,220.00"
5/18/2017,303,300,293,299,"11,537","3,413,699.00"
5/21/2017,294,294,287,289,"17,037","4,935,700.00"
5/22/2017,290,299,286,286,"4,678","1,351,380.00"
5/23/2017,291,301,285,287,"6,478","1,902,450.00"
5/24/2017,287,296,283,285,"10,074","2,891,049.00"
5/28/2017,285,288,281,282,"4,553","1,291,560.00"
5/30/2017,279,282,275,280,"7,659","2,130,340.00"
5/31/2017,280,290,276,290,"6,640","1,852,515.00"
6/1/2017,285,289,279,280,"7,130","2,007,940.00"
6/4/2017,275,280,275,276,"8,708","2,429,370.00"
6/5/2017,279,280,277,280,"13,395","3,746,560.00"
6/6/2017,285,287,277,282,"5,469","1,537,170.00"
6/7/2017,287,287,277,278,"3,225","898,872.00"
6/8/2017,275,277,274,275,"8,514","2,344,950.00"
6/11/2017,275,276,270,270,"4,800","1,299,660.00"
6/12/2017,269,276,264,265,"5,020","1,344,170.00"
6/13/2017,264,273,264,270,"1,890","507,708.00"
6/14/2017,270,284,266,284,"2,319","628,967.00"
6/15/2017,280,283,275,280,"1,132","317,276.00"
6/18/2017,280,275,270,270,109,"29,480.00"
6/19/2017,265,275,265,270,"2,637","703,751.00"
6/20/2017,265,270,260,267,"4,312","1,129,820.00"
6/21/2017,267,270,265,267,854,"228,158.00"
6/22/2017,265,272,261,265,"8,865","2,344,870.00"
6/25/2017,260,267,260,267,"5,824","1,533,350.00"
6/27/2017,262,268,262,268,"4,715","1,242,700.00"
6/28/2017,265,268,262,268,"2,666","702,794.00"
7/2/2017,263,265,258,263,"3,841","1,002,860.00"
7/3/2017,263,270,262,270,"4,820","1,272,860.00"
7/4/2017,265,267,260,263,"15,104","3,979,030.00"
7/5/2017,260,270,258,270,"3,728","972,449.00"
7/6/2017,269,290,268,290,"5,233","1,435,370.00"
7/9/2017,290,300,270,287,"93,320","26,968,513.00"
7/10/2017,292,292,280,280,"15,172","4,293,970.00"
7/11/2017,280,289,280,281,"6,088","1,729,660.00"
7/12/2017,280,285,276,278,"3,725","1,043,490.00"
7/13/2017,276,280,276,276,"7,140","1,980,770.00"
7/16/2017,271,281,271,276,"2,554","702,600.00"
7/17/2017,271,284,270,284,"8,159","2,238,220.00"
7/18/2017,284,285,279,284,"5,756","1,620,160.00"
7/19/2017,279,283,274,280,"6,581","1,844,670.00"
7/20/2017,275,283,272,275,"3,011","834,704.00"
7/23/2017,270,274,270,270,"3,662","995,053.00"
7/24/2017,268,278,266,266,"12,289","3,308,400.00"
7/25/2017,270,285,266,276,"6,911","1,912,280.00"
7/26/2017,281,281,272,273,"6,739","1,843,580.00"
7/27/2017,272,275,270,270,"5,457","1,484,450.00"
7/30/2017,265,275,265,267,"3,718","998,028.00"
7/31/2017,267,282,267,277,"5,952","1,618,980.00"
8/1/2017,275,278,272,272,"11,369","3,111,950.00"
8/2/2017,273,283,270,275,"12,419","3,408,840.00"
8/3/2017,275,280,270,274,"8,389","2,296,430.00"
8/6/2017,271,277,270,272,"3,610","981,129.00"
8/7/2017,268,275,267,270,"10,952","2,944,780.00"
8/9/2017,266,270,266,268,"6,547","1,757,120.00"
8/10/2017,273,273,266,267,"13,978","3,757,680.00"
8/13/2017,265,270,262,262,"6,478","1,720,480.00"
8/15/2017,257,268,257,268,"4,415","1,169,620.00"
8/16/2017,273,278,263,265,"4,647","1,234,580.00"
8/17/2017,270,270,265,268,"9,752","2,601,310.00"
8/20/2017,263,268,260,261,"12,534","3,298,380.00"
8/21/2017,260,268,257,268,"1,642","432,125.00"
8/22/2017,263,267,260,262,"3,721","984,576.00"
8/23/2017,262,268,255,260,"14,855","3,857,740.00"
8/24/2017,260,268,260,268,"34,706","9,182,410.00"
8/27/2017,244,244,236,240,"2,371","565,192.00"
8/28/2017,237,237,231,235,"2,015","472,028.00"
8/30/2017,235,235,225,229,"13,888","3,171,893.00"
8/31/2017,229,231,219,224,"7,816","1,725,941.00"
9/4/2017,220,220,212,213,"8,226","1,770,400.00"
9/6/2017,213,223,211,223,"3,339","711,943.00"
9/7/2017,225,225,211,212,"6,054","1,319,430.00"
9/10/2017,208,215,207,215,"3,622","759,198.00"
9/11/2017,215,215,212,213,"3,149","673,638.00"
9/12/2017,215,215,212,214,812,"172,300.00"
9/13/2017,210,214,206,214,"8,928","1,867,470.00"
9/14/2017,214,215,210,213,"4,080","870,080.00"
9/17/2017,217,218,209,215,"3,943","834,795.00"
9/18/2017,218,218,210,211,"2,597","550,140.00"
9/20/2017,210,220,210,220,"4,735","1,006,450.00"
9/24/2017,220,220,212,216,"1,500","321,600.00"
9/25/2017,219,219,215,218,"4,205","912,128.00"
9/26/2017,220,220,220,220,50,"11,000.00"
10/4/2017,220,220,218,218,70,"15,300.00"
10/8/2017,215,218,214,214,229,"49,334.00"
10/9/2017,214,218,210,217,"1,430","309,000.00"
10/10/2017,217,218,211,214,"1,578","333,897.00"
10/11/2017,210,214,205,210,"7,501","1,566,960.00"
10/12/2017,210,211,209,210,"11,215","2,356,100.00"
10/15/2017,206,212,206,210,"1,985","414,990.00"
10/16/2017,214,218,212,217,"3,770","810,580.00"
10/17/2017,220,220,216,216,526,"114,054.00"
10/18/2017,216,217,216,217,550,"119,330.00"
10/22/2017,215,219,214,217,"1,121","241,743.00"
10/23/2017,217,219,214,219,467,"100,650.00"
10/24/2017,219,215,214,215,915,"196,675.00"
10/25/2017,212,216,212,216,"4,427","949,665.00"
10/29/2017,215,215,212,214,587,"125,138.00"
10/30/2017,210,214,210,212,"3,700","784,852.00"
10/31/2017,212,212,211,212,"1,344","283,699.00"
11/1/2017,208,212,207,211,"9,509","1,987,350.00"
11/2/2017,207,210,207,210,"13,991","2,908,140.00"
11/5/2017,209,209,204,208,"3,579","737,532.00"
11/6/2017,208,212,205,211,"4,527","932,307.00"
11/7/2017,210,210,203,205,"2,625","535,295.00"
11/8/2017,201,208,200,204,"8,854","1,780,750.00"
11/9/2017,200,210,198,206,598,"121,754.00"
11/12/2017,206,208,197,208,"4,680","944,691.00"
11/13/2017,209,214,208,214,"1,970","414,419.00"
11/14/2017,210,214,207,211,"5,632","1,180,350.00"
11/15/2017,211,211,206,207,"3,790","782,193.00"
11/16/2017,203,208,202,207,"3,667","752,411.00"
11/19/2017,207,207,203,204,"4,581","934,753.00"
11/20/2017,206,206,199,200,"5,960","1,196,290.00"
11/21/2017,200,206,200,204,"6,819","1,370,160.00"
11/22/2017,207,207,203,206,746,"152,713.00"
11/23/2017,206,208,202,206,"1,480","303,028.00"
11/26/2017,206,209,201,209,"5,776","1,177,906.00"
11/27/2017,205,206,201,206,"4,938","1,000,240.00"
11/28/2017,202,209,202,209,"4,515","935,416.00"
11/29/2017,208,215,207,212,"42,888","9,037,110.00"
11/30/2017,210,211,206,210,"21,257","4,422,210.00"
12/4/2017,212,216,205,210,"15,783","3,318,790.00"
12/5/2017,207,212,207,211,"3,545","745,010.00"
12/6/2017,215,215,208,212,"10,239","2,177,830.00"
12/10/2017,210,215,210,214,"19,266","4,098,460.00"
12/11/2017,215,216,210,216,"15,799","3,370,720.00"
12/12/2017,213,214,212,214,"15,440","3,285,900.00"
12/13/2017,211,216,208,215,"14,412","3,087,330.00"
12/14/2017,211,215,211,211,"2,346","496,226.00"
12/17/2017,217,217,210,210,"8,799","1,863,110.00"
12/18/2017,211,214,209,213,"5,983","1,259,610.00"
12/19/2017,210,212,209,209,"11,430","2,399,900.00"
12/20/2017,210,210,207,210,"7,275","1,522,450.00"
12/21/2017,210,210,208,208,"2,942","614,456.00"
12/24/2017,207,210,207,207,"7,517","1,559,730.00"
12/26/2017,207,208,204,207,"2,628","540,758.00"
12/27/2017,207,207,203,203,"5,829","1,190,010.00"
12/28/2017,200,205,200,204,"5,969","1,216,850.00"
12/31/2017,200,203,200,202,"7,169","1,443,910.00"
1/1/2018,202,206,202,206,"5,270","1,073,360.00"
1/2/2018,206,206,203,205,"2,150","440,210.00"
1/3/2018,203,205,202,204,"4,363","885,835.00"
1/4/2018,203,205,202,204,"3,085","624,870.00"
1/7/2018,202,203,201,203,"3,448","695,377.00"
1/8/2018,201,204,200,204,"4,451","899,728.00"
1/9/2018,204,204,201,203,"5,804","1,169,077.00"
1/10/2018,201,204,200,204,"4,356","872,220.00"
1/14/2018,200,201,199,201,"3,458","689,980.00"
1/16/2018,199,201,198,200,"4,347","866,756.00"
1/17/2018,200,200,200,200,"2,453","490,600.00"
1/21/2018,200,200,197,199,"4,811","952,307.00"
1/22/2018,196,200,196,200,"3,173","628,877.00"
1/23/2018,198,204,196,203,"4,363","859,262.00"
1/24/2018,197,201,197,198,"3,638","719,282.00"
1/25/2018,197,199,197,199,"3,126","616,313.00"
1/28/2018,196,200,196,197,"1,256","247,807.00"
1/29/2018,197,203,196,201,"4,686","929,564.00"
1/31/2018,197,199,195,198,"6,490","1,272,610.00"
2/1/2018,199,200,196,199,"4,081","803,578.00"
2/4/2018,196,200,194,200,"8,868","1,729,950.00"
2/5/2018,196,200,195,200,"3,006","587,672.00"
2/6/2018,200,200,190,198,"5,670","1,094,030.00"
2/7/2018,195,197,191,197,"4,406","846,925.00"
2/8/2018,199,199,196,197,358,"70,267.00"
2/11/2018,194,194,187,191,"11,647","2,206,960.00"
2/12/2018,189,189,183,184,"10,517","1,962,270.00"
2/14/2018,186,189,186,189,"9,211","1,723,440.00"
2/15/2018,186,200,186,200,"4,132","802,905.00"
2/18/2018,200,200,190,190,"4,731","928,910.00"
2/20/2018,193,209,193,199,"31,378","6,349,080.00"
2/21/2018,200,200,193,195,"9,353","1,833,090.00"
2/22/2018,192,196,192,196,"4,416","854,816.00"
2/25/2018,193,195,189,189,"5,242","999,360.00"
2/26/2018,195,195,184,184,"11,515","2,133,560.00"
2/27/2018,182,193,181,184,"5,150","959,686.00"
2/28/2018,186,186,180,185,"8,598","1,566,690.00"
3/4/2018,182,182,170,172,"5,231","908,223.00"
3/5/2018,175,179,169,169,"8,919","1,528,680.00"
3/6/2018,167,175,164,175,"6,658","1,124,090.00"
3/7/2018,175,180,173,178,"2,982","526,812.00"
3/11/2018,178,175,170,174,"4,602","790,223.00"
3/12/2018,174,174,172,174,674,"116,128.00"
3/13/2018,172,172,170,172,"3,714","637,775.00"
3/14/2018,174,174,174,174,251,"43,674.00"
3/15/2018,177,177,171,171,"8,848","1,538,300.00"
3/18/2018,173,173,168,170,"4,322","731,302.00"
3/19/2018,173,173,169,172,"1,532","261,472.00"
3/20/2018,169,169,163,164,"12,334","2,037,190.00"
3/21/2018,160,162,155,162,"12,760","2,009,590.00"
3/22/2018,160,165,156,160,"7,328","1,170,410.00"
3/26/2018,157,157,147,150,"7,149","1,079,340.00"
3/27/2018,153,161,147,161,"8,348","1,260,260.00"
3/28/2018,159,160,154,154,"3,656","569,739.00"
3/29/2018,157,160,155,157,910,"142,261.00"
4/1/2018,154,158,153,156,"4,244","657,224.00"
4/2/2018,155,155,153,155,"1,815","279,935.00"
4/3/2018,152,152,147,147,"22,685","3,374,980.00"
4/4/2018,149,158,147,158,"25,792","3,843,340.00"
4/5/2018,157,161,149,159,"16,913","2,622,240.00"
4/8/2018,159,174,159,174,"41,891","7,141,690.00"
4/9/2018,177,186,167,167,"15,518","2,701,490.00"
4/10/2018,168,169,160,168,"34,206","5,579,820.00"
4/11/2018,169,169,159,167,"15,954","2,559,120.00"
4/12/2018,167,169,165,168,"22,339","3,718,420.00"
4/15/2018,168,170,160,168,"4,516","754,211.00"
4/16/2018,171,174,166,171,"48,132","8,217,600.00"
4/17/2018,174,185,168,178,"15,313","2,696,243.00"
4/18/2018,179,190,172,186,"39,437","7,337,870.00"
4/19/2018,189,192,180,192,"37,644","6,974,330.00"
4/22/2018,192,197,189,196,"50,278","9,633,358.00"
4/23/2018,199,202,186,188,"36,818","7,082,920.00"
4/24/2018,183,189,183,189,"7,344","1,363,250.00"
4/25/2018,186,186,180,186,"14,988","2,715,170.00"
4/26/2018,188,188,176,185,"10,501","1,890,830.00"
4/29/2018,183,185,180,183,942,"170,390.00"
5/2/2018,183,182,177,182,"3,714","665,009.00"
5/3/2018,184,185,179,183,"7,193","1,307,320.00"
5/6/2018,182,182,177,180,"3,971","705,000.00"
5/7/2018,177,179,174,176,"3,148","550,202.00"
5/8/2018,179,179,171,175,"7,524","1,305,510.00"
5/9/2018,174,177,167,171,"14,604","2,531,554.00"
5/10/2018,171,176,168,176,"6,625","1,143,587.00"
5/14/2018,179,179,169,169,"5,772","983,347.00"
5/15/2018,172,172,170,170,80,"13,628.00"
5/16/2018,169,171,166,170,"15,848","2,680,520.00"
5/17/2018,170,173,168,172,"24,103","4,059,200.00"
5/20/2018,175,175,168,169,"5,758","973,664.00"
5/21/2018,170,170,166,169,"5,952","994,635.00"
5/22/2018,170,170,164,169,"9,200","1,521,340.00"
5/23/2018,166,167,163,165,"6,366","1,043,610.00"
5/24/2018,167,164,161,164,"4,299","698,035.00"
5/27/2018,162,165,159,161,"4,369","700,919.00"
5/28/2018,161,170,158,170,"2,865","475,365.00"
5/29/2018,168,169,167,168,"2,738","460,422.00"
5/30/2018,171,172,163,168,"7,212","1,198,120.00"
5/31/2018,165,165,162,165,264,"43,068.00"
6/3/2018,162,163,156,160,"10,172","1,602,620.00"
6/4/2018,157,160,157,160,"1,258","197,689.00"
6/6/2018,163,166,163,163,"5,204","851,355.00"
6/7/2018,165,168,165,168,65,"10,755.00"
6/10/2018,168,171,168,168,20,"3,390.00"
6/12/2018,165,165,153,158,"2,011","317,497.00"
6/13/2018,161,166,152,166,"8,096","1,251,550.00"
6/14/2018,163,170,159,163,"12,332","2,029,720.00"
6/17/2018,160,164,157,164,419,"66,790.00"
6/18/2018,161,163,161,163,72,"11,614.00"
6/19/2018,160,162,160,162,"2,025","324,100.00"
6/20/2018,165,165,160,160,115,"18,695.00"
6/21/2018,157,160,157,160,"2,254","356,916.00"
6/24/2018,157,159,155,158,"4,630","722,760.00"
6/25/2018,161,161,158,158,"1,222","193,958.00"
6/26/2018,158,161,147,155,"3,647","553,013.00"
6/27/2018,155,157,149,157,"5,272","797,101.00"
6/28/2018,154,154,150,153,"12,614","1,900,270.00"
7/1/2018,154,154,147,150,"5,637","838,946.00"
7/2/2018,149,154,147,153,"5,511","830,787.00"
7/3/2018,150,150,146,146,"11,521","1,702,530.00"
7/4/2018,148,153,144,152,"15,260","2,260,680.00"
7/5/2018,156,159,150,156,"17,975","2,749,800.00"
7/8/2018,159,159,151,153,"8,113","1,240,660.00"
7/9/2018,152,154,149,154,"3,138","471,962.00"
7/10/2018,152,155,151,151,283,"43,328.00"
7/11/2018,149,155,149,152,"2,923","446,361.00"
7/12/2018,149,150,147,149,"6,943","1,025,350.00"
7/15/2018,150,152,149,151,834,"124,643.00"
7/16/2018,150,154,148,152,"1,420","214,560.00"
7/17/2018,154,154,150,150,"1,062","159,398.00"
7/18/2018,151,152,147,147,"1,495","220,955.00"
7/19/2018,145,148,140,145,"70,419","10,055,900.00"
7/22/2018,145,145,138,138,"36,939","5,169,880.00"
7/23/2018,140,143,138,142,"12,904","1,789,610.00"
7/24/2018,143,145,140,142,"4,150","593,360.00"
7/25/2018,142,145,137,141,"7,072","986,618.00"
7/26/2018,139,143,139,143,"3,842","534,521.00"
7/29/2018,143,143,139,141,"4,731","665,956.00"
7/30/2018,142,142,139,140,"5,073","705,219.00"
7/31/2018,140,140,138,140,"1,373","190,768.00"
8/1/2018,138,142,138,142,"3,623","502,713.00"
8/2/2018,142,142,139,139,"1,544","216,249.00"
8/5/2018,138,141,138,141,"2,470","341,569.00"
8/6/2018,140,141,137,141,"2,309","319,247.00"
8/7/2018,140,141,139,141,398,"55,450.00"
8/8/2018,139,140,137,140,"1,469","201,643.00"
8/9/2018,138,142,136,141,"3,345","460,565.00"
8/12/2018,140,140,136,138,"8,112","1,110,630.00"
8/13/2018,136,137,134,137,"11,781","1,593,900.00"
8/14/2018,135,137,135,137,"3,647","495,467.00"
8/15/2018,135,139,131,139,"6,120","822,553.00"
8/16/2018,137,139,133,138,"6,055","816,455.00"
8/19/2018,136,136,134,136,680,"91,780.00"
8/20/2018,134,135,129,135,"3,752","489,969.00"
8/21/2018,133,133,129,132,"3,651","476,193.00"
8/22/2018,134,134,130,133,"1,440","187,869.00"
8/23/2018,131,133,128,131,"5,242","681,378.00"
8/26/2018,132,132,127,132,"4,488","580,676.00"
8/28/2018,134,136,129,129,"3,405","440,390.00"
8/29/2018,128,130,127,130,"8,258","1,058,030.00"
8/30/2018,132,132,129,130,"3,872","500,668.00"
9/2/2018,129,130,127,130,"4,319","553,506.00"
9/3/2018,132,136,131,134,"6,710","891,914.00"
9/4/2018,132,133,130,133,"2,313","303,028.00"
9/5/2018,132,140,130,135,"14,792","1,983,040.00"
9/6/2018,137,139,133,138,"4,654","636,442.00"
9/9/2018,136,136,130,135,"3,853","510,380.00"
9/10/2018,135,135,131,131,287,"38,171.00"
9/11/2018,129,136,129,134,"3,913","516,727.00"
9/12/2018,135,135,133,135,"1,970","263,250.00"
9/13/2018,135,135,130,133,"8,152","1,075,720.00"
9/16/2018,134,135,134,135,"1,197","160,549.00"
9/17/2018,137,137,135,135,160,"21,820.00"
9/18/2018,133,141,131,139,"6,502","881,146.00"
9/20/2018,137,137,131,133,"9,622","1,286,800.00"
9/23/2018,133,134,132,132,"7,881","1,044,860.00"
9/25/2018,134,134,132,132,"4,549","605,592.00"
9/26/2018,132,136,131,134,"6,492","859,243.00"
9/27/2018,132,134,131,134,"3,562","468,709.00"
9/30/2018,132,133,129,133,"1,725","224,906.00"
10/1/2018,131,132,129,132,"3,779","493,647.00"
10/2/2018,131,134,130,134,"3,678","487,388.00"
10/3/2018,135,135,129,134,"1,474","191,443.00"
10/4/2018,132,132,132,132,200,"26,400.00"
10/7/2018,130,131,126,129,"4,364","557,084.00"
10/8/2018,129,131,129,131,132,"17,165.00"
10/9/2018,132,132,130,131,"1,355","176,297.00"
10/10/2018,129,129,125,127,"9,629","1,218,380.00"
10/11/2018,129,131,128,131,"2,235","287,347.00"
10/14/2018,130,132,129,132,"3,312","428,284.00"
10/15/2018,130,134,130,134,"4,898","639,880.00"
10/21/2018,136,136,130,130,"3,607","477,266.00"
10/22/2018,132,132,130,130,756,"98,392.00"
10/23/2018,130,130,129,129,"1,099","141,871.00"
10/24/2018,128,132,127,132,"3,401","434,951.00"
10/25/2018,132,132,130,130,418,"54,876.00"
10/28/2018,128,128,126,127,"17,095","2,171,810.00"
10/29/2018,129,128,123,127,"7,904","982,971.00"
10/30/2018,126,127,126,127,"1,540","194,380.00"
10/31/2018,125,128,123,128,"6,588","820,036.00"
11/1/2018,126,128,124,127,"4,920","616,622.00"
11/4/2018,129,129,123,123,"6,071","759,033.00"
11/5/2018,125,129,121,128,"2,406","300,278.00"
11/14/2018,122,126,120,126,"2,060","247,460.00"
11/15/2018,126,126,122,125,"2,133","263,293.00"
11/18/2018,125,125,119,119,"8,587","29,512.00"
11/19/2018,120,122,117,122,"7,458","6,100.00"
11/20/2018,122,122,118,118,"3,030","118,000.00"
11/21/2018,118,120,118,119,"3,996","1,309.00"
11/22/2018,119,121,119,121,"6,709","6,050.00"
11/25/2018,121,121,115,116,"15,843","2,320.00"
11/26/2018,115.75,118,112,118,"13,472","1,652.00"
11/27/2018,118,118,114,116,"1,515","1,740.00"
11/28/2018,116,116,114,116,"8,505","5,800.00"
11/29/2018,116,116,110,115,"5,496","4,600.00"
12/2/2018,115,116,110,112,"11,724","2,016.00"
12/3/2018,112,114,108,110,"5,349","2,200.00"
12/4/2018,110,113,108,113,"11,127","2,260.00"
12/6/2018,112,112,108,110,"2,160","1,100.00"
12/9/2018,110,111,107,111,"3,931","33,300.00"
12/10/2018,111,113,108,110,"12,761","55,000.00"
12/11/2018,110,110,108,109,"2,200","109,000.00"
12/12/2018,109,110,108,110,"6,070","7,370.00"
12/13/2018,110,111,109,109,"2,087","65,400.00"
12/16/2018,109,110,109,109,"1,608","48,287.00"
12/17/2018,109,111,109,111,"1,157","54,945.00"
12/18/2018,111,111,107,107,"1,100","18,190.00"
12/19/2018,107,109,105,108,"1,464","21,600.00"
12/20/2018,108,109,107,109,180,"5,450.00"
12/23/2018,109,111,106,111,"12,033","5,550.00"
12/24/2018,111,112,110,111,580,"1,110.00"
12/25/2018,111,111,111,111,12,"1,332.00"
12/26/2018,111,111,107,107,"5,014","37,878.00"
12/27/2018,107,114,106,109,"11,640","1,300,524.00"
12/30/2018,109,110,107,107,"4,784","11,664.00"
12/31/2018,107,108,106,108,425,"2,700.00"
1/2/2019,108,108,106,106,300,"31,800.00"
1/3/2019,106,107,106,107,105,"3,210.00"
1/6/2019,107,107,105,105,"4,552","16,065.00"
1/7/2019,105,107,103,107,"8,506","1,060.00"
1/8/2019,106,106,104,104,"3,120","60,216.00"
1/9/2019,99,106,99,106,"3,365","68,688.00"
1/10/2019,106,106,105,105,"3,812","52,500.00"
1/13/2019,105,105,105,105,50,"5,250.00"
1/14/2019,105,108,105,108,286,"1,620.00"
1/15/2019,108,108,104,106,"2,063","21,200.00"
1/16/2019,106,106,105,105,"1,611","22,050.00"
1/17/2019,105,107,105,105,"5,331","111,615.00"
1/20/2019,105,105,104,104,"2,100","101,920.00"
1/21/2019,104,104,103,103,"4,634","13,390.00"
1/22/2019,103,104,101,104,"4,105","24,960.00"
1/23/2019,104,105,103,104,"2,776","24,440.00"
1/24/2019,104,105,103,103,"4,503","467,295.00"
1/27/2019,103,104,101,104,"3,733","5,200.00"
1/28/2019,104,104,102,103,609,"40,376.00"
1/29/2019,103,103,102,102,625,"103,000.00"
1/30/2019,103,103,101,102,"2,978","4,284.00"
1/31/2019,102,104,100,104,"7,363","16,952.00"
2/3/2019,102,104,100,101,"2,616","16,160.00"
2/4/2019,101,102,99,100,"7,504","45,200.00"
2/5/2019,102,102,100,101,710,"5,050.00"
2/6/2019,101,101,100,101,"1,561","18,281.00"
2/7/2019,103,103,99,100,"5,783","2,000.00"
2/10/2019,100,101,98,99,"8,837","19,800.00"
2/11/2019,98,100,98,99,"1,058","55,143.00"
2/12/2019,98,100,98,100,"2,839","20,000.00"
2/13/2019,100,100,98,98,"4,170","2,178.00"
2/14/2019,98,100,97,98,"5,604","14,850.00"
2/17/2019,99,100,98,98,"1,142","9,800.00"
2/18/2019,99,99,97,98,"3,783","98,000.00"
2/19/2019,98,100,98,99,"3,201","7,920.00"
2/20/2019,99,99,99,99,524,"30,294.00"
2/21/2019,98,99,98,98,"2,983","98,000.00"
2/24/2019,97,98,97,97,"1,483","10,670.00"
2/25/2019,98,98,97,97,"1,016","15,811.00"
2/26/2019,98,99,97,97,"2,952","16,490.00"
2/27/2019,98,98,97,97,"1,550","9,700.00"
3/3/2019,97,97,96,97,"3,268","7,566.00"
3/6/2019,98,100,97,99,"2,384","5,445.00"
3/7/2019,100,101,99,101,"6,366","30,300.00"
3/10/2019,100,103,100,103,"2,190","2,244.00"
3/11/2019,101,104,100,103,"5,568","20,600.00"
3/12/2019,105,111,103,108,"10,530","5,400.00"
3/13/2019,106,108,106,106,"3,300","9,222.00"
3/14/2019,104,106,102,106,"1,768","100,912.00"
3/17/2019,106,106,103,105,"2,659","48,195.00"
3/18/2019,107,107,103,103,"2,352","10,300.00"
3/19/2019,103,104,103,104,270,"26,000.00"
3/21/2019,103,103,103,103,"1,465","6,695.00"
3/24/2019,102,102,101,101,"2,650","31,209.00"
3/25/2019,100,103,100,101,"4,681","51,000.00"
3/26/2019,100,103,100,103,"3,679","30,900.00"
3/27/2019,103,108,104,104,131,"13,728.00"
3/28/2019,102,104,101,101,"12,658","178,770.00"
3/31/2019,102,102,101,101,170,"4,040.00"
4/1/2019,101,108,101,106,"6,377","11,448.00"
4/2/2019,105,106,103,103,"2,245","5,974.00"
4/3/2019,105,105,103,103,"10,090","74,160.00"
4/4/2019,104,105,103,105,"2,426","3,432.00"
4/7/2019,105,105,102,104,"7,885","4,368.00"
4/8/2019,104,105,103,104,118,"12,213.00"
4/9/2019,106,106,102,103,"2,908","115,360.00"
4/10/2019,101,103,101,103,248,"5,150.00"
4/11/2019,104,104,102,102,"19,307","24,888.00"
4/15/2019,102,102,102,102,134,"11,730.00"
4/16/2019,102,103,102,102,"8,264","87,618.00"
4/17/2019,102,102,100,101,"2,886","291,430.00"
4/18/2019,102,102,100,100,"1,418","7,000.00"
4/21/2019,100,101,100,101,"8,214","73,629.00"
4/22/2019,100,101,100,101,"7,382","2,121.00"
4/23/2019,101,101,99,100,"8,692","3,000.00"
4/24/2019,100,100,100,100,"5,622","76,800.00"
4/25/2019,100,105,100,100,"14,641","4,800.00"
4/28/2019,101,110,101,104,"20,284","15,184.00"
4/29/2019,103,105,103,103,"7,980","49,955.00"
4/30/2019,105,113,102,113,"98,472","226,000.00"
5/2/2019,108,114,105,114,"24,640","111,000.00"
5/5/2019,112,112,106,106,"15,727","53,000.00"
5/6/2019,107,108,106,108,"4,747","4,536.00"
5/7/2019,106,108,106,108,"5,026","1,080.00"
5/8/2019,106,108,104,106,"19,947","2,120.00"
5/9/2019,104,107,102,102,"27,355","306,000.00"
5/12/2019,102,106,102,104,"9,369","10,400.00"
5/13/2019,106,110,103,109,"15,339","54,500.00"
5/14/2019,111,111,106,106,"6,666","19,260.00"
5/15/2019,108,110,107,107,"11,621","230,371.00"
5/16/2019,106,108,105,105,"3,771","10,600.00"
5/19/2019,107,107,105,107,764,"2,140.00"
5/20/2019,108,108,104,108,"7,072","5,400.00"
5/21/2019,110,112,108,110,"23,057","110,000.00"
5/22/2019,112,121,111,121,"117,028","48,400.00"
5/23/2019,123,125,111,114,"50,594","17,100.00"
5/26/2019,112,114,110,112,"41,150","11,200.00"
5/27/2019,114,114,109,109,"12,332","8,470.00"
5/28/2019,107,115,107,112,"17,133","34,720.00"
5/29/2019,114,116,113,114,"26,080","22,800.00"
5/30/2019,116,120,111,113,"28,378","1,130.00"
6/2/2019,111,111,108,111,"21,946","2,220.00"
6/3/2019,111,111,108,109,"10,835","16,350.00"
6/4/2019,108,110,108,109,"9,174","21,800.00"
6/6/2019,114,114,108,110,"1,525","6,050.00"
6/10/2019,112,112,108,108,"7,113","768,869.00"
6/11/2019,110,110,107,107,"1,630","10,700.00"
6/12/2019,109,109,106,108,"10,831","4,752.00"
6/13/2019,106,108,106,106,"3,704","5,830.00"
6/16/2019,110,110,104,104,"10,553","64,575.00"
6/17/2019,104,111,104,111,"6,211","11,880.00"
6/18/2019,110,110,107,107,"1,761","32,100.00"
6/19/2019,105,108,105,107,"1,072","1,070.00"
6/20/2019,106,108,106,108,"1,501","10,800.00"
6/23/2019,106,108,105,108,"6,274","53,244.00"
6/24/2019,106,108,106,106,879,"16,536.00"
6/25/2019,106,108,106,108,"2,979","1,080.00"
6/26/2019,106,107,105,107,"5,439","2,889.00"
6/27/2019,106,108,106,108,"4,110","12,947.00"
6/30/2019,106,106,102,104,"35,200","104,000.00"
7/1/2019,99,109,99,109,35,"2,725.00"
7/2/2019,107,107,104,106,"3,202","6,254.00"
7/3/2019,105,110,104,106,"5,508","10,600.00"
7/4/2019,105,107,105,106,"2,516","53,000.00"
7/7/2019,108,108,105,106,"4,846","46,640.00"
7/8/2019,106,106,103,105,"10,129","110,250.00"
7/9/2019,104,107,104,105,"13,172","37,275.00"
7/10/2019,105,106,105,106,"9,804","212,000.00"
7/11/2019,106,106,104,105,"7,142","254,835.00"
7/14/2019,107,107,105,105,"1,372","10,500.00"
7/15/2019,107,108,106,106,"4,158","21,094.00"
7/16/2019,111,111,111,111,10,"1,110.00"
7/17/2019,109,109,105,108,"2,535","10,800.00"
7/18/2019,108,110,108,110,"7,448","1,100.00"
