Date,Open,High,Low,Close,Adj Close,Volume
3/20/2011,260,263,256,263,"1,024","264,688"
3/24/2011,259,277,264,277,148,"39,690"
3/25/2011,277,272,251,255,818,"214,079"
3/27/2011,255,260,260,260,20,"5,200"
3/28/2011,260,265,260,265,"1,446","378,470"
3/29/2011,265,260,243,243,695,"173,316"
3/30/2011,243,247,228,247,"1,097","257,394"
3/31/2011,247,250,239,245,"1,227","301,507"
4/4/2011,245,253,245,253,"1,338","332,074"
4/5/2011,253,253,241,253,691,"168,995"
4/6/2011,253,250,236,236,"1,082","262,024"
4/7/2011,236,259,239,259,"1,905","471,525"
4/10/2011,259,269,264,269,20,"5,330"
4/11/2011,269,264,249,249,118,"30,767"
4/13/2011,249,268,253,268,233,"61,564"
4/17/2011,268,263,263,263,36,"9,468"
4/20/2011,263,263,258,263,50,"13,050"
4/21/2011,263,258,258,258,44,"11,352"
4/26/2011,258,254,254,254,68,"17,272"
4/27/2011,254,250,249,250,136,"33,886"
4/28/2011,250,255,250,250,50,"12,550"
5/2/2011,250,245,237,237,197,"46,889"
5/3/2011,237,233,214,214,"3,424","737,048"
5/4/2011,214,211,202,211,812,"167,559"
5/5/2011,211,222,206,222,"1,133","244,731"
5/8/2011,222,218,214,214,67,"14,530"
5/9/2011,214,218,218,218,30,"6,540"
5/10/2011,218,233,215,233,"1,080","241,642"
5/11/2011,233,241,230,235,"1,776","414,960"
5/12/2011,235,239,231,239,419,"98,438"
5/15/2011,239,243,238,238,692,"165,757"
5/16/2011,238,240,236,236,277,"66,364"
5/18/2011,236,240,236,240,212,"50,120"
5/19/2011,240,242,239,239,"1,236","296,891"
5/22/2011,239,238,235,238,317,"74,642"
5/23/2011,238,239,231,239,340,"79,974"
5/24/2011,239,242,238,239,307,"73,592"
5/26/2011,239,238,237,238,476,"112,958"
5/30/2011,238,242,239,240,408,"98,018"
5/31/2011,240,238,235,235,508,"120,042"
6/1/2011,235,235,231,231,384,"89,092"
6/2/2011,231,227,215,216,"1,244","270,378"
6/5/2011,216,216,210,212,756,"161,420"
6/6/2011,212,209,204,208,556,"114,958"
6/7/2011,208,205,196,201,"1,083","216,121"
6/8/2011,201,200,197,200,834,"165,224"
6/9/2011,200,201,192,200,"3,113","612,700"
6/12/2011,200,210,199,201,937,"191,250"
6/13/2011,201,200,190,193,"1,938","378,727"
6/14/2011,193,193,186,186,807,"153,565"
6/15/2011,186,189,183,185,376,"69,601"
6/16/2011,185,182,182,182,248,"45,136"
6/19/2011,182,200,185,200,80,"15,418"
6/20/2011,182,200,185,200,80,"15,418"
6/21/2011,220,242,224,242,70,"16,440"
6/23/2011,242,266,246,266,293,"77,198"
6/26/2011,266,292,240,240,"7,207","2,016,007"
6/27/2011,240,236,216,216,934,"203,632"
6/29/2011,216,216,196,200,"1,201","247,832"
6/30/2011,200,220,204,219,"3,280","711,655"
7/3/2011,219,240,223,240,775,"180,562"
7/4/2011,240,260,244,251,"1,502","373,933"
7/5/2011,251,255,242,245,"3,550","876,920"
7/6/2011,245,262,244,253,"2,264","577,033"
7/7/2011,253,259,245,259,"2,756","690,452"
7/10/2011,259,268,255,261,"3,768","980,685"
7/11/2011,261,266,257,260,871,"227,521"
7/12/2011,260,269,260,265,"1,621","430,555"
7/13/2011,265,280,260,270,"2,602","710,932"
7/14/2011,270,290,270,270,"3,458","959,044"
7/17/2011,270,275,275,275,982,"270,050"
7/18/2011,275,290,250,250,"3,327","935,485"
7/19/2011,250,275,255,272,"2,029","547,525"
7/20/2011,272,280,272,274,"1,126","308,048"
7/21/2011,274,293,279,285,"1,449","409,124"
7/24/2011,285,280,265,274,"2,701","731,072"
7/25/2011,274,269,256,261,"1,067","276,404"
7/26/2011,261,266,261,265,316,"83,516"
7/27/2011,265,280,265,280,"1,554","421,896"
7/28/2011,280,286,265,270,"4,550","1,236,619"
7/31/2011,270,265,256,262,"2,454","636,144"
8/1/2011,262,262,262,262,176,"46,112"
8/2/2011,262,260,250,260,"3,005","759,092"
8/3/2011,260,262,250,262,"6,461","1,638,442"
8/4/2011,262,265,261,265,481,"126,284"
8/7/2011,265,260,250,257,"1,579","401,111"
8/8/2011,257,255,253,255,266,"67,642"
8/9/2011,255,255,250,255,658,"166,600"
8/10/2011,255,261,251,257,237,"61,077"
8/11/2011,257,262,260,260,920,"239,674"
8/15/2011,260,265,260,262,"4,594","1,208,499"
8/16/2011,262,264,258,261,"1,103","286,259"
8/17/2011,261,262,259,260,"1,434","373,906"
8/18/2011,260,263,255,263,"1,368","354,644"
8/22/2011,263,260,257,257,507,"131,292"
8/23/2011,257,260,256,260,662,"171,014"
8/24/2011,260,264,260,260,645,"167,964"
8/25/2011,260,259,251,255,"1,655","420,838"
8/28/2011,255,250,247,247,637,"159,040"
8/29/2011,247,251,242,251,"1,724","423,286"
8/30/2011,251,256,248,248,965,"241,750"
9/1/2011,248,253,245,253,750,"185,626"
9/4/2011,253,253,250,251,"1,948","488,924"
9/5/2011,251,250,244,244,"1,105","270,914"
9/6/2011,244,251,241,241,842,"205,837"
9/7/2011,241,241,229,230,"2,113","493,629"
9/8/2011,230,228,224,228,575,"129,970"
9/12/2011,228,225,224,224,412,"92,588"
9/13/2011,224,227,220,227,617,"137,791"
9/14/2011,227,230,226,226,444,"100,724"
9/15/2011,226,230,225,226,691,"156,620"
9/18/2011,226,230,229,230,97,"22,295"
9/19/2011,230,230,224,225,572,"129,645"
9/20/2011,225,225,221,224,"1,224","274,586"
9/21/2011,224,225,221,225,385,"85,855"
9/22/2011,225,229,221,229,179,"40,295"
9/25/2011,229,237,232,232,779,"181,507"
9/26/2011,232,235,233,235,"1,160","272,372"
9/27/2011,235,243,239,239,324,"77,936"
9/29/2011,239,243,240,243,854,"206,947"
10/2/2011,243,247,243,243,428,"105,412"
10/10/2011,243,247,247,247,64,"15,808"
10/12/2011,247,252,240,240,410,"100,565"
10/13/2011,240,247,242,247,628,"153,782"
10/16/2011,247,247,236,236,435,"105,360"
10/17/2011,236,237,234,235,"1,090","256,560"
10/18/2011,235,232,230,231,"1,321","305,758"
10/19/2011,231,243,235,238,777,"184,615"
10/20/2011,238,240,231,231,490,"115,565"
10/23/2011,231,232,227,227,641,"146,874"
10/24/2011,227,234,230,232,859,"198,852"
10/25/2011,232,236,231,233,814,"189,981"
10/31/2011,233,248,237,248,961,"233,938"
11/2/2011,248,272,252,270,"1,275","345,125"
11/3/2011,270,285,249,258,"12,044","3,076,626"
11/6/2011,258,255,250,255,"1,158","292,049"
11/8/2011,255,255,245,248,397,"98,557"
11/9/2011,248,250,237,242,"2,052","500,951"
11/10/2011,242,245,230,243,"8,330","1,940,650"
11/13/2011,243,243,239,239,218,"52,534"
11/14/2011,239,241,239,241,575,"137,856"
11/15/2011,241,244,240,244,206,"49,606"
11/16/2011,244,248,243,246,325,"79,884"
11/17/2011,246,246,246,246,200,"49,200"
11/20/2011,246,242,230,235,"7,935","1,852,164"
11/21/2011,235,236,235,235,"1,673","393,604"
11/22/2011,235,239,239,239,53,"12,667"
11/23/2011,239,242,240,242,496,"119,396"
11/24/2011,242,242,234,235,"1,777","421,238"
11/27/2011,235,238,232,235,"1,946","456,906"
11/28/2011,235,236,235,235,208,"48,930"
12/4/2011,234,236,234,235,705,"165,705"
12/5/2011,235,235,232,235,"1,377","321,985"
12/6/2011,235,239,235,236,190,"45,057"
12/7/2011,236,235,233,235,550,"128,604"
12/8/2011,235,236,232,233,897,"209,694"
12/11/2011,233,234,229,230,"3,003","690,113"
12/12/2011,230,230,223,229,"2,827","638,872"
12/13/2011,229,227,223,223,"1,926","431,939"
12/15/2011,223,217,217,217,275,"59,675"
12/20/2011,217,213,206,206,654,"136,545"
12/21/2011,206,204,201,203,"1,268","256,449"
12/26/2011,203,207,207,207,20,"4,140"
12/27/2011,207,203,203,203,127,"25,781"
12/28/2011,203,204,200,204,991,"200,848"
12/29/2011,204,204,201,204,258,"52,308"
1/1/2012,204,171,171,171,532,"91,031"
1/2/2012,171,213,208,213,419,"87,940"
1/3/2012,213,228,217,225,"2,840","634,765"
1/4/2012,225,221,221,221,200,"44,200"
1/5/2012,221,223,219,219,158,"35,034"
1/8/2012,219,223,219,223,805,"177,513"
1/9/2012,223,222,221,222,832,"183,904"
1/11/2012,222,225,215,216,878,"191,505"
1/12/2012,216,232,220,232,80,"18,080"
1/23/2012,232,228,210,213,"3,035","654,899"
1/25/2012,213,213,209,211,486,"102,586"
1/26/2012,211,214,209,214,"1,143","240,091"
1/29/2012,214,218,214,214,291,"62,384"
1/31/2012,214,217,217,217,32,"6,944"
2/1/2012,217,214,214,214,64,"13,696"
2/2/2012,214,216,211,212,"1,523","322,819"
2/5/2012,212,212,206,207,"1,993","413,353"
2/6/2012,207,209,205,207,"4,406","907,374"
2/7/2012,207,207,204,205,"2,102","429,283"
2/8/2012,205,206,202,203,"1,794","364,497"
2/9/2012,203,207,201,203,855,"173,677"
2/12/2012,203,206,203,206,330,"67,224"
2/13/2012,206,209,205,207,"1,436","295,191"
2/14/2012,207,211,210,210,116,"24,376"
2/15/2012,210,207,203,205,"1,233","251,665"
2/16/2012,205,207,200,206,"1,228","248,947"
2/23/2012,206,203,203,203,645,"130,935"
2/26/2012,203,207,203,203,391,"79,529"
2/27/2012,203,205,201,205,"1,120","226,512"
2/28/2012,205,209,205,209,760,"158,269"
2/29/2012,209,211,210,211,"1,209","253,924"
3/1/2012,211,211,211,211,70,"14,770"
3/4/2012,211,210,206,210,"1,091","226,444"
3/5/2012,210,210,210,210,100,"21,000"
3/6/2012,210,212,212,212,90,"19,080"
3/11/2012,212,212,208,208,432,"90,864"
3/12/2012,208,208,204,206,"4,702","964,869"
3/13/2012,206,209,204,204,"7,475","1,530,915"
3/14/2012,204,205,196,202,"13,277","2,688,572"
3/15/2012,202,205,200,202,"4,621","944,008"
3/18/2012,202,204,200,202,498,"100,442"
3/19/2012,202,204,200,201,866,"174,340"
3/20/2012,201,205,200,200,558,"112,760"
3/21/2012,200,209,200,209,"1,198","240,610"
3/25/2012,209,205,202,202,421,"85,177"
3/26/2012,202,203,200,203,838,"168,110"
3/27/2012,203,201,199,201,"1,989","397,919"
3/28/2012,201,202,199,202,"1,572","314,371"
3/29/2012,202,201,200,201,"1,052","210,625"
4/1/2012,201,203,197,203,232,"46,703"
4/2/2012,203,205,201,203,479,"96,955"
4/3/2012,203,207,200,205,"1,349","275,326"
4/4/2012,205,208,206,208,288,"59,552"
4/5/2012,208,207,207,207,385,"79,695"
4/8/2012,207,206,202,203,"2,500","510,053"
4/9/2012,203,210,200,207,"5,237","1,058,211"
4/10/2012,207,212,203,212,395,"81,630"
4/11/2012,212,224,214,214,"1,758","381,926"
4/12/2012,214,234,214,234,"5,677","1,289,582"
4/15/2012,234,250,238,244,"2,290","562,666"
4/17/2012,244,268,220,223,"12,214","2,995,979"
4/18/2012,223,245,223,245,"4,246","1,021,214"
4/19/2012,245,269,249,269,"14,028","3,688,808"
4/22/2012,269,295,274,295,"7,989","2,333,862"
4/25/2012,295,318,300,318,345,"106,020"
4/26/2012,318,349,290,349,"24,512","7,883,249"
4/29/2012,349,366,340,366,"12,609","4,439,441"
4/30/2012,366,363,335,354,"3,782","1,318,057"
5/3/2012,354,389,361,389,735,"283,108"
5/7/2012,389,419,396,419,665,"272,553"
5/8/2012,419,435,388,398,"10,810","4,314,177"
5/9/2012,398,401,368,375,"15,840","5,996,393"
5/10/2012,375,382,341,362,"12,228","4,374,363"
5/13/2012,362,355,328,339,"2,389","799,336"
5/14/2012,339,333,310,319,"6,765","2,141,857"
5/15/2012,319,350,325,350,"2,541","885,961"
5/16/2012,350,385,357,385,363,"138,453"
5/17/2012,385,423,368,378,"8,575","3,355,536"
5/20/2012,378,385,357,365,"5,590","2,038,348"
5/21/2012,365,380,357,370,"5,306","1,952,296"
5/22/2012,370,363,350,352,"5,509","1,950,308"
5/23/2012,352,345,328,328,177,"59,577"
5/24/2012,328,358,322,349,"3,736","1,295,420"
5/27/2012,349,379,350,361,"3,808","1,402,625"
6/3/2012,361,361,340,340,"7,611","2,664,344"
6/4/2012,340,339,323,325,"3,595","1,177,534"
6/5/2012,325,319,301,312,"6,115","1,888,468"
6/6/2012,312,306,290,300,"3,568","1,046,442"
6/7/2012,300,306,290,296,"4,131","1,234,866"
6/10/2012,296,301,292,292,"1,628","477,460"
6/11/2012,292,304,297,300,"2,293","691,504"
6/12/2012,300,300,290,296,"4,002","1,173,938"
6/13/2012,296,296,290,290,"7,853","2,290,904"
6/14/2012,290,295,290,290,643,"186,730"
6/17/2012,290,293,276,279,"2,482","699,766"
6/18/2012,279,285,270,285,"3,053","840,566"
6/19/2012,285,282,276,279,"1,392","386,671"
6/20/2012,279,295,282,286,"1,674","483,729"
6/21/2012,286,296,290,295,"1,321","388,362"
6/25/2012,295,313,295,313,"4,473","1,354,522"
6/26/2012,313,307,300,301,335,"101,000"
6/27/2012,301,312,302,312,"2,594","796,226"
6/28/2012,312,325,316,319,"3,456","1,103,454"
7/1/2012,319,320,309,310,"2,504","777,784"
7/2/2012,310,310,297,300,"7,545","2,277,322"
7/3/2012,300,306,305,306,198,"60,521"
7/4/2012,306,313,306,310,"3,142","972,001"
7/5/2012,310,319,311,319,"1,329","418,045"
7/8/2012,319,325,308,316,728,"231,196"
7/9/2012,316,312,300,312,"4,371","1,333,943"
7/10/2012,312,319,313,315,"1,799","565,971"
7/11/2012,315,317,314,315,"2,579","812,930"
7/12/2012,315,317,307,317,756,"235,411"
7/15/2012,317,345,311,345,"1,583","504,769"
7/19/2012,345,339,324,329,"5,242","1,734,195"
7/22/2012,329,345,331,339,"6,695","2,267,248"
7/23/2012,339,345,336,337,"1,376","468,113"
7/24/2012,337,335,325,332,"1,730","568,990"
7/25/2012,332,334,326,330,"2,760","912,658"
7/26/2012,330,328,321,325,"2,881","933,969"
7/29/2012,325,325,315,319,710,"225,598"
7/30/2012,319,325,320,321,"3,854","1,235,650"
7/31/2012,321,325,315,325,"4,035","1,293,876"
8/1/2012,325,329,321,329,"2,464","797,382"
8/5/2012,329,323,322,322,225,"72,465"
8/6/2012,322,321,317,321,"2,038","650,419"
8/7/2012,321,325,317,325,"4,128","1,316,494"
8/8/2012,325,324,316,319,"1,586","505,878"
8/12/2012,319,320,320,320,23,"7,360"
8/13/2012,320,314,302,310,"2,387","734,382"
8/14/2012,310,310,298,300,"2,674","814,306"
8/15/2012,300,300,290,294,"1,398","409,044"
8/16/2012,294,304,282,304,"2,958","858,798"
8/19/2012,304,307,300,302,"5,461","1,655,669"
8/21/2012,302,300,295,295,"2,083","618,931"
8/22/2012,295,300,293,294,"2,504","740,045"
8/23/2012,294,297,288,290,"3,117","909,392"
8/26/2012,290,298,289,290,"1,525","444,197"
8/27/2012,290,303,294,297,"2,122","628,434"
8/28/2012,297,304,300,300,"3,751","1,130,572"
8/29/2012,300,305,298,302,"2,384","716,488"
8/30/2012,302,306,299,300,"1,742","524,193"
9/2/2012,300,312,303,306,"7,500","2,294,718"
9/3/2012,306,312,304,312,"2,962","914,339"
9/4/2012,312,310,302,310,"2,001","612,634"
9/5/2012,310,308,304,308,"4,735","1,447,708"
9/6/2012,308,312,306,310,"2,065","637,397"
9/9/2012,310,312,306,309,"1,089","334,505"
9/10/2012,309,305,304,305,"2,020","615,200"
9/11/2012,305,310,301,307,"1,582","481,942"
9/12/2012,307,317,307,316,"3,970","1,235,113"
9/13/2012,316,311,310,310,"1,978","613,538"
9/16/2012,310,312,310,312,"1,734","539,732"
9/17/2012,312,318,309,318,"1,692","531,596"
9/18/2012,318,324,318,318,"2,227","713,432"
9/19/2012,318,324,315,320,"1,886","598,166"
9/20/2012,320,316,310,310,"1,314","412,838"
9/23/2012,310,310,301,307,"1,281","390,473"
9/24/2012,307,304,298,298,"1,532","460,335"
9/25/2012,298,302,297,302,776,"231,473"
9/26/2012,302,305,300,304,"1,441","434,528"
9/30/2012,305,303,297,300,625,"187,509"
10/1/2012,300,305,300,300,676,"203,290"
10/1/2012,300,305,300,300,676,"203,290"
10/2/2012,300,300,300,300,841,"252,300"
10/3/2012,300,300,294,295,"2,316","681,959"
10/4/2012,295,298,290,290,"2,165","634,377"
10/7/2012,290,300,290,298,"1,405","414,964"
10/8/2012,298,304,293,300,"1,095","326,598"
10/9/2012,300,298,293,293,614,"180,526"
10/10/2012,293,294,289,290,"1,885","547,129"
10/11/2012,290,290,285,289,373,"107,773"
10/14/2012,289,293,287,289,480,"138,861"
10/15/2012,289,303,286,291,"39,514","11,670,233"
10/17/2012,291,303,295,302,"2,997","898,975"
10/18/2012,302,305,300,304,"2,442","739,737"
10/30/2012,304,316,304,311,844,"261,227"
10/31/2012,311,323,313,319,"1,705","539,977"
11/1/2012,319,314,308,313,"2,623","817,146"
11/4/2012,313,325,308,316,"2,303","719,998"
11/5/2012,316,323,311,320,"10,411","3,278,985"
11/6/2012,320,328,320,321,"5,591","1,806,017"
11/7/2012,321,333,325,331,"6,585","2,153,884"
11/8/2012,331,356,330,342,"14,160","4,840,438"
11/11/2012,342,340,317,322,"2,000","648,241"
11/12/2012,322,339,320,339,"2,327","762,479"
11/18/2012,339,347,337,346,"4,422","1,521,202"
11/20/2012,346,366,345,354,"5,122","1,804,350"
11/21/2012,354,352,329,343,"5,835","1,995,907"
11/22/2012,343,341,335,335,"4,444","1,498,280"
11/25/2012,335,345,319,321,"12,155","3,971,040"
11/26/2012,321,331,315,323,"4,045","1,305,210"
11/27/2012,323,322,317,319,"2,094","668,335"
11/28/2012,319,324,317,324,259,"83,298"
11/29/2012,324,322,318,322,"2,244","716,466"
12/2/2012,322,316,315,315,386,"121,885"
12/3/2012,315,312,305,307,"2,374","733,194"
12/4/2012,307,317,308,313,"3,193","1,001,397"
12/5/2012,313,330,319,329,"3,442","1,110,183"
12/6/2012,329,326,320,323,"1,369","443,059"
12/9/2012,323,322,316,317,"1,916","611,372"
12/10/2012,317,325,315,325,"1,085","344,411"
12/11/2012,325,320,314,316,460,"145,674"
12/12/2012,316,320,310,315,"2,726","858,022"
12/13/2012,315,320,312,319,"3,094","973,433"
12/16/2012,319,331,322,323,"1,579","513,376"
12/17/2012,323,347,316,326,"10,893","3,572,695"
12/18/2012,326,327,316,327,813,"261,570"
12/19/2012,327,334,320,326,"1,662","540,479"
12/20/2012,326,329,320,329,"5,866","1,903,944"
12/23/2012,329,338,324,338,"16,382","5,408,408"
12/24/2012,338,344,335,342,"10,602","3,604,430"
12/26/2012,342,361,341,341,"10,614","3,740,520"
12/27/2012,341,359,345,346,"14,104","4,955,128"
12/31/2012,346,342,328,338,"2,133","711,903"
1/1/2013,338,332,324,328,"1,228","404,278"
1/2/2013,328,326,319,326,"4,379","1,404,249"
1/3/2013,326,338,310,332,"5,922","1,944,387"
1/6/2013,332,331,325,330,"2,320","759,878"
1/7/2013,330,329,323,326,"1,287","419,289"
1/8/2013,326,325,320,325,609,"197,005"
1/9/2013,325,326,315,326,"2,990","954,433"
1/10/2013,326,325,320,325,"2,224","713,862"
1/13/2013,325,325,310,322,"3,380","1,086,368"
1/15/2013,322,327,315,315,"3,278","1,035,783"
1/16/2013,315,321,312,321,"2,053","647,962"
1/17/2013,321,316,315,316,924,"291,754"
1/21/2013,316,322,316,322,560,"178,197"
1/22/2013,322,323,313,318,"1,062","336,038"
1/23/2013,318,312,312,312,693,"216,216"
1/24/2013,312,312,305,305,"2,240","687,787"
1/27/2013,305,308,299,306,"2,595","783,916"
1/28/2013,306,307,303,304,726,"221,241"
1/30/2013,304,306,301,306,"2,509","764,568"
1/31/2013,306,306,302,305,"2,206","671,289"
2/3/2013,305,316,311,316,159,"49,539"
2/4/2013,316,320,320,320,34,"10,880"
2/5/2013,320,314,300,300,"1,619","488,494"
2/6/2013,300,306,300,303,"2,130","640,760"
2/7/2013,303,307,295,307,"5,988","1,785,831"
2/10/2013,307,308,302,308,787,"239,345"
2/12/2013,308,326,310,321,"5,349","1,704,184"
2/13/2013,321,320,315,320,885,"282,485"
2/14/2013,320,322,316,318,"2,100","669,105"
2/17/2013,318,346,324,345,"3,124","1,071,477"
2/19/2013,345,351,333,337,"5,456","1,847,446"
2/20/2013,337,336,312,324,541,"175,739"
2/21/2013,324,331,324,331,639,"209,136"
2/25/2013,331,325,314,320,"1,372","437,892"
2/26/2013,320,326,319,321,"4,693","1,508,398"
2/27/2013,321,319,313,318,"2,678","842,049"
2/28/2013,318,318,310,318,"2,167","679,688"
3/3/2013,318,323,313,315,520,"164,364"
3/4/2013,315,318,314,318,501,"158,658"
3/5/2013,318,312,307,312,"2,576","796,131"
3/6/2013,312,318,305,311,"2,678","823,774"
3/7/2013,311,317,305,311,"6,120","1,908,215"
3/11/2013,311,317,310,310,"4,531","1,414,452"
3/13/2013,310,324,306,315,"5,204","1,635,297"
3/14/2013,315,335,321,321,"1,953","634,905"
3/17/2013,321,320,310,315,"2,535","796,657"
3/18/2013,315,317,305,311,"2,910","897,326"
3/19/2013,311,312,309,312,"2,140","663,393"
3/20/2013,312,312,306,306,849,"261,298"
3/21/2013,306,311,303,308,"2,682","821,123"
3/24/2013,308,302,297,298,"1,359","406,404"
3/25/2013,298,305,300,305,693,"209,768"
3/27/2013,305,303,300,300,"1,483","447,514"
3/28/2013,300,306,294,302,"1,586","477,576"
3/31/2013,302,301,299,301,"2,776","833,044"
4/1/2013,301,302,295,300,"2,200","658,575"
4/2/2013,300,307,304,305,"2,673","815,266"
4/3/2013,305,309,302,302,"2,500","758,741"
4/4/2013,302,303,299,302,"3,144","945,699"
4/7/2013,302,304,300,301,736,"221,218"
4/8/2013,301,305,300,305,982,"297,461"
4/9/2013,305,311,300,306,"4,264","1,289,987"
4/11/2013,306,313,305,308,"1,547","475,444"
4/15/2013,308,309,305,308,"2,176","667,029"
4/16/2013,308,306,301,306,"6,453","1,960,741"
4/17/2013,306,304,300,303,"1,216","367,771"
4/18/2013,303,303,301,302,"1,202","362,810"
4/21/2013,302,301,295,299,"2,768","823,377"
4/22/2013,299,295,289,295,"1,405","413,481"
4/23/2013,295,304,297,299,"5,035","1,504,268"
4/25/2013,299,300,295,295,"1,650","488,835"
4/28/2013,295,292,281,282,"2,417","688,897"
4/29/2013,282,285,280,285,"1,118","313,910"
4/30/2013,285,283,280,283,"1,185","332,310"
5/2/2013,283,279,274,274,"1,866","513,837"
5/5/2013,274,276,272,272,"2,181","598,390"
5/6/2013,272,272,264,272,"3,084","824,476"
5/7/2013,272,299,277,299,"1,917","544,758"
5/8/2013,299,304,288,296,"4,220","1,241,034"
5/9/2013,296,295,285,285,"2,325","668,001"
5/12/2013,285,283,277,280,"3,143","880,677"
5/13/2013,280,293,275,293,"36,739","10,293,711"
5/14/2013,293,298,289,290,"1,386","403,660"
5/15/2013,290,301,290,298,"3,621","1,082,772"
5/16/2013,298,295,290,294,"1,689","494,728"
5/19/2013,294,295,290,290,"5,174","1,500,620"
5/20/2013,290,294,286,290,"2,557","747,542"
5/21/2013,290,295,288,294,859,"249,141"
5/22/2013,294,293,282,285,"6,137","1,751,096"
5/23/2013,285,288,283,285,"1,440","410,728"
5/26/2013,285,289,285,289,944,"270,116"
5/27/2013,289,290,284,290,"3,148","908,760"
5/28/2013,290,295,291,292,"1,758","515,643"
5/30/2013,292,294,292,292,623,"182,916"
6/2/2013,292,290,287,288,"1,703","491,949"
6/3/2013,288,291,288,288,"1,850","534,313"
6/4/2013,288,290,284,289,"3,125","889,863"
6/5/2013,289,290,280,290,906,"255,696"
6/6/2013,290,290,286,290,942,"271,576"
6/9/2013,290,290,286,290,"1,046","300,688"
6/10/2013,290,286,281,285,"1,759","498,454"
6/11/2013,285,290,280,286,"1,469","415,614"
6/12/2013,286,290,290,290,32,"9,280"
6/13/2013,290,295,288,295,"2,046","595,617"
6/16/2013,295,291,290,291,892,"259,553"
6/17/2013,291,289,281,281,827,"237,651"
6/18/2013,281,290,286,290,652,"188,454"
6/19/2013,290,288,285,288,922,"264,269"
6/20/2013,288,292,288,290,"4,271","1,238,325"
6/23/2013,290,286,284,284,865,"246,277"
6/24/2013,284,286,282,286,"3,722","1,052,836"
6/25/2013,286,295,285,295,"1,725","498,331"
6/26/2013,295,305,295,299,"5,262","1,579,476"
6/27/2013,299,299,289,289,"1,166","344,022"
6/30/2013,289,291,289,290,"1,151","333,967"
7/1/2013,290,300,288,297,"1,738","512,077"
7/2/2013,297,299,288,293,"2,862","835,454"
7/3/2013,293,295,290,295,"1,109","323,338"
7/4/2013,295,297,283,290,"5,722","1,646,856"
7/7/2013,290,292,289,292,865,"251,344"
7/8/2013,292,297,287,297,"3,543","1,041,520"
7/9/2013,297,304,298,300,"2,941","885,196"
7/10/2013,300,305,301,305,"2,425","734,436"
7/11/2013,305,305,298,300,"1,795","538,917"
7/14/2013,300,308,303,303,852,"259,039"
7/15/2013,303,305,298,300,"2,183","654,082"
7/16/2013,300,305,301,302,"1,235","373,887"
7/17/2013,302,305,300,305,"1,262","381,632"
7/18/2013,305,315,305,315,"5,599","1,750,669"
7/21/2013,315,335,316,332,"8,632","2,851,701"
7/22/2013,332,354,330,342,"16,489","5,625,801"
7/23/2013,342,345,337,339,"8,477","2,886,313"
7/24/2013,339,338,325,336,"10,059","3,317,990"
7/25/2013,336,342,330,342,"10,326","3,444,683"
7/28/2013,342,345,334,343,"4,932","1,678,793"
7/29/2013,343,347,338,342,"8,486","2,898,732"
7/30/2013,342,347,340,344,"7,131","2,446,396"
7/31/2013,344,360,349,355,"15,721","5,550,560"
8/1/2013,355,360,344,355,"9,378","3,287,009"
8/4/2013,355,353,348,348,"9,506","3,329,316"
8/5/2013,348,342,331,338,"10,843","3,632,874"
8/6/2013,338,344,327,339,"7,717","2,603,861"
8/7/2013,339,348,340,346,"8,497","2,930,727"
8/8/2013,346,349,343,349,"22,646","7,832,456"
8/11/2013,349,369,355,361,"38,218","13,772,980"
8/12/2013,361,369,355,355,"14,400","5,160,222"
8/13/2013,355,360,355,358,"17,898","6,375,952"
8/14/2013,358,358,353,354,"6,049","2,148,048"
8/15/2013,354,357,352,355,"10,433","3,695,370"
8/18/2013,350,371,345,370,"19,191","6,847,909"
8/19/2013,370,391,370,387,"18,076","6,926,117"
8/20/2013,387,404,392,395,"21,576","8,568,323"
8/25/2013,395,405,394,395,"14,014","5,563,021"
8/26/2013,395,410,390,396,"19,762","7,879,626"
8/27/2013,396,401,383,400,"40,422","15,816,997"
8/29/2013,400,400,393,400,"21,389","8,447,994"
9/1/2013,400,399,395,397,"6,965","2,756,889"
9/2/2013,397,395,390,395,"21,059","8,225,686"
9/3/2013,395,394,390,392,"17,438","6,816,737"
9/4/2013,392,394,386,389,"5,389","2,097,265"
9/5/2013,389,395,388,394,"6,594","2,576,132"
9/8/2013,394,397,392,395,"4,829","1,903,849"
9/9/2013,395,396,394,396,"5,094","2,012,034"
9/10/2013,396,393,380,382,"9,457","3,628,361"
9/11/2013,382,387,380,384,"2,790","1,065,857"
9/12/2013,384,388,380,388,"5,732","2,204,679"
9/15/2013,388,385,380,385,"4,796","1,832,305"
9/16/2013,384,382,375,380,"3,155","1,191,971"
9/17/2013,380,393,375,393,"2,825","1,076,512"
9/19/2013,393,386,375,380,"6,040","2,279,118"
9/22/2013,380,377,370,372,"2,412","899,371"
9/23/2013,372,370,363,363,"3,054","1,119,508"
9/24/2013,363,372,363,371,"7,330","2,693,934"
9/25/2013,371,373,368,372,"3,361","1,243,130"
9/26/2013,372,375,365,367,"3,494","1,289,327"
9/29/2013,367,371,365,365,"2,322","850,868"
9/30/2013,365,369,361,369,"8,106","2,948,547"
10/1/2013,369,372,364,370,"7,281","2,696,686"
10/2/2013,370,374,367,373,"2,296","850,952"
10/3/2013,373,383,375,380,"3,297","1,246,057"
10/6/2013,380,380,374,380,"1,925","727,376"
10/7/2013,380,385,380,385,"2,676","1,023,040"
10/8/2013,385,392,389,392,"7,417","2,899,715"
10/9/2013,392,396,386,388,"5,605","2,190,061"
10/10/2013,388,395,390,390,"2,208","863,958"
10/17/2013,390,398,392,392,399,"157,498"
10/20/2013,392,401,395,400,"12,849","5,127,199"
10/21/2013,400,405,392,400,"12,388","4,952,302"
10/22/2013,400,398,390,390,"1,551","610,546"
10/23/2013,390,392,390,392,"1,124","438,987"
10/24/2013,392,391,388,390,"3,223","1,255,241"
10/27/2013,390,390,383,390,"2,704","1,044,424"
10/28/2013,390,395,383,388,"2,319","897,471"
10/29/2013,388,388,386,387,784,"303,710"
10/30/2013,387,393,387,392,"2,887","1,126,674"
10/31/2013,392,396,390,395,"5,697","2,238,048"
11/6/2013,395,402,393,394,634,"250,017"
11/7/2013,394,395,387,391,"2,024","787,967"
11/10/2013,391,393,390,393,"2,388","935,103"
11/11/2013,393,407,390,404,"5,578","2,223,212"
11/12/2013,404,420,400,410,"21,927","8,971,657"
11/13/2013,410,418,400,416,"25,596","10,424,657"
11/14/2013,416,413,408,410,"9,592","3,937,911"
11/21/2013,410,442,418,442,281,"123,042"
11/24/2013,442,486,450,460,"25,192","11,852,391"
11/25/2013,460,474,439,460,"11,761","5,341,432"
11/26/2013,460,472,458,458,"15,974","7,412,114"
11/27/2013,458,467,455,460,"5,518","2,539,153"
11/28/2013,460,460,450,455,"7,593","3,442,448"
12/1/2013,455,484,464,471,"24,214","11,418,263"
12/2/2013,471,491,471,491,"20,439","9,971,557"
12/3/2013,491,510,499,500,"19,036","9,549,354"
12/4/2013,500,550,510,515,"14,632","7,728,127"
12/5/2013,515,561,517,530,"18,149","9,720,119"
12/8/2013,530,549,520,531,"24,817","13,187,136"
12/9/2013,531,546,528,545,"14,569","7,807,378"
12/10/2013,545,554,539,546,"13,358","7,259,185"
12/11/2013,546,580,550,570,"8,005","4,545,681"
12/12/2013,570,583,571,580,"14,273","8,241,339"
12/15/2013,580,635,570,635,"17,436","10,296,121"
12/16/2013,635,692,647,690,"10,066","6,830,761"
12/18/2013,690,731,703,710,"13,606","9,702,606"
12/19/2013,710,700,670,675,"14,344","9,771,537"
12/22/2013,675,680,640,671,"16,844","11,034,149"
12/23/2013,660,671,639,639,"12,231","7,930,885"
12/24/2013,639,675,590,648,"24,443","15,255,791"
12/26/2013,645,706,657,686,"23,814","16,439,494"
12/29/2013,686,690,666,675,"13,539","9,147,238"
12/31/2013,675,670,653,658,"13,521","8,971,508"
1/1/2014,658,661,639,658,"30,824","19,865,098"
1/2/2014,588,615,577,600,"1,794","1,077,142"
1/5/2014,600,606,581,587,"1,816","1,086,424"
1/6/2014,587,592,568,575,"1,613","937,733"
1/7/2014,575,580,566,580,"4,610","2,651,742"
1/8/2014,580,601,570,580,"14,172","8,246,565"
1/9/2014,580,581,577,577,"3,284","1,905,188"
1/12/2014,577,598,580,586,"4,556","2,662,509"
1/13/2014,586,590,575,590,"5,931","3,453,605"
1/14/2014,590,602,579,600,"5,967","3,562,245"
1/16/2014,600,612,595,595,"7,486","4,528,956"
1/19/2014,595,590,585,590,631,"371,310"
1/20/2014,590,587,578,580,"5,822","3,393,054"
1/21/2014,580,591,580,588,996,"581,654"
1/22/2014,588,587,579,585,"7,673","4,477,415"
1/23/2014,585,590,580,589,"2,566","1,496,122"
1/26/2014,589,590,580,585,"1,590","927,043"
1/27/2014,585,575,565,570,605,"345,232"
1/28/2014,570,581,570,576,"1,421","819,022"
1/29/2014,576,578,568,575,"1,198","686,973"
2/2/2014,575,590,575,575,"5,265","3,056,647"
2/3/2014,575,580,570,571,"3,697","2,112,309"
2/4/2014,571,575,568,568,"7,146","4,075,969"
2/6/2014,580,585,565,574,"21,299","12,089,766"
2/9/2014,574,576,565,570,"5,065","2,889,066"
2/10/2014,570,620,581,601,"3,713","2,263,392"
2/11/2014,601,600,575,582,"15,906","9,221,530"
2/12/2014,582,595,577,577,"1,627","947,360"
2/13/2014,577,592,580,580,"2,363","1,384,504"
2/16/2014,580,587,575,587,"1,795","1,046,756"
2/17/2014,587,602,585,585,"1,826","1,076,513"
2/18/2014,585,591,576,588,"2,760","1,608,651"
2/20/2014,588,604,575,590,"11,158","6,535,721"
2/23/2014,590,605,590,595,"8,792","5,232,853"
2/24/2014,595,615,595,595,"11,724","7,069,759"
2/25/2014,595,605,590,601,"4,557","2,713,311"
2/26/2014,601,603,576,590,"4,471","2,638,749"
3/3/2014,590,581,570,577,"2,468","1,425,610"
3/4/2014,577,575,560,575,"5,896","3,330,045"
3/5/2014,575,588,575,581,"3,966","2,312,765"
3/6/2014,581,585,570,570,"1,382","798,182"
3/9/2014,570,561,542,542,"3,692","2,045,144"
3/10/2014,542,560,541,541,"7,723","4,253,768"
3/11/2014,541,550,535,535,"6,132","3,313,140"
3/12/2014,535,545,527,545,"4,342","2,314,277"
3/13/2014,545,568,541,541,"4,483","2,467,927"
3/17/2014,541,532,520,525,"3,912","2,057,653"
3/18/2014,525,527,516,520,"14,452","7,513,341"
3/19/2014,520,544,520,525,"2,791","1,482,861"
3/20/2014,525,530,520,529,"10,417","5,476,126"
3/23/2014,529,531,520,531,"6,259","3,306,938"
3/24/2014,531,542,530,542,"5,075","2,719,496"
3/25/2014,542,542,535,542,"3,889","2,095,160"
3/26/2014,542,545,540,540,"1,683","910,050"
3/27/2014,540,542,534,537,"5,068","2,714,926"
3/31/2014,537,545,531,545,"8,164","4,396,765"
4/1/2014,545,553,535,544,"5,991","3,258,216"
4/2/2014,544,560,545,555,"7,472","4,126,506"
4/3/2014,555,561,550,550,"5,404","3,005,610"
4/6/2014,550,550,530,543,"3,861","2,084,866"
4/7/2014,543,541,534,538,"6,457","3,472,890"
4/9/2014,538,548,535,540,"8,384","4,500,282"
4/10/2014,540,560,542,555,"4,157","2,312,763"
4/13/2014,555,573,558,567,"5,053","2,846,274"
4/15/2014,567,570,560,561,"3,866","2,185,748"
4/16/2014,561,560,550,556,"2,574","1,426,386"
4/17/2014,556,560,544,555,"9,120","5,041,161"
4/20/2014,555,555,545,549,"5,444","2,985,432"
4/21/2014,549,550,536,545,"3,790","2,060,921"
4/22/2014,545,552,537,552,"17,530","9,498,578"
4/23/2014,552,561,552,555,"3,311","1,841,442"
4/27/2014,555,555,548,548,"1,535","847,682"
4/28/2014,548,549,530,536,"4,612","2,482,622"
4/29/2014,536,536,526,531,"7,200","3,813,705"
4/30/2014,531,543,526,539,"9,134","4,881,662"
5/4/2014,539,564,546,560,"12,125","6,779,433"
5/5/2014,560,602,555,602,"8,672","5,098,210"
5/6/2014,602,640,590,617,"29,604","18,295,571"
5/7/2014,617,637,612,612,"11,268","7,027,475"
5/8/2014,612,619,604,609,"8,514","5,194,661"
5/11/2014,609,610,595,600,"9,135","5,470,263"
5/12/2014,600,613,605,606,"7,377","4,475,926"
5/13/2014,606,615,608,608,"9,992","6,107,025"
5/15/2014,608,622,610,620,"8,599","5,295,651"
5/15/2014,608,622,610,620,"8,599","5,295,651"
5/18/2014,620,635,615,625,"7,652","4,789,763"
5/19/2014,625,628,615,619,"11,925","7,371,617"
5/20/2014,619,618,612,618,"3,719","2,286,735"
5/21/2014,618,625,600,623,"9,668","5,975,154"
5/22/2014,623,626,607,622,"11,693","7,208,976"
5/25/2014,622,656,625,633,"11,842","7,541,024"
5/26/2014,633,640,628,636,"8,592","5,454,908"
5/27/2014,636,640,631,640,"6,493","4,132,500"
5/28/2014,640,651,635,650,"10,391","6,710,088"
6/1/2014,650,702,650,699,"16,668","11,536,850"
6/2/2014,699,712,690,702,"34,422","24,212,060"
6/3/2014,702,760,710,735,"27,005","19,855,448"
6/4/2014,735,754,734,750,"27,167","20,263,836"
6/5/2014,750,747,725,736,"11,757","8,608,507"
6/8/2014,736,743,729,731,"8,247","6,083,760"
6/9/2014,731,731,713,722,"10,661","7,686,999"
6/10/2014,722,740,721,725,"10,186","7,402,536"
6/11/2014,725,745,722,731,"14,183","10,381,169"
6/12/2014,731,740,712,740,"18,974","13,811,795"
6/15/2014,740,755,741,745,"11,152","8,345,259"
6/16/2014,745,754,741,741,"7,754","5,810,170"
6/17/2014,741,745,720,735,"5,935","4,364,660"
6/17/2014,741,745,720,735,"5,935","4,364,660"
6/18/2014,735,739,730,732,"6,868","5,034,435"
6/19/2014,732,730,719,724,"7,642","5,534,568"
6/23/2014,724,730,705,730,"6,128","4,365,321"
6/24/2014,730,736,716,719,"8,561","6,193,645"
6/25/2014,719,746,723,730,"5,323","3,883,521"
6/26/2014,730,740,730,731,"3,995","2,928,095"
6/29/2014,731,744,729,730,"6,610","4,858,362"
6/30/2014,730,743,730,735,"9,706","7,147,523"
7/1/2014,735,746,725,735,"10,726","7,925,954"
7/2/2014,735,749,735,742,"6,814","5,052,060"
7/3/2014,742,745,733,736,"9,414","6,960,402"
7/6/2014,736,742,730,739,"8,238","6,053,779"
7/7/2014,739,752,738,750,"8,810","6,574,849"
7/8/2014,750,775,753,775,"11,742","8,984,357"
7/9/2014,775,781,760,781,"6,685","5,131,735"
7/10/2014,781,816,755,800,"11,021","8,697,459"
7/13/2014,800,835,807,816,"17,232","14,152,135"
7/14/2014,816,832,800,810,"11,478","9,252,051"
7/15/2014,810,818,800,810,"9,633","7,752,972"
7/16/2014,810,835,802,811,"15,435","12,565,193"
7/17/2014,811,825,805,820,"7,000","5,705,827"
7/20/2014,820,877,827,876,"18,138","15,610,946"
7/21/2014,876,900,860,865,"12,535","10,942,192"
7/22/2014,865,875,838,858,"12,151","10,355,278"
7/23/2014,858,875,845,850,"8,916","7,619,112"
7/24/2014,850,867,850,865,"14,962","12,886,324"
7/27/2014,865,900,880,881,"10,172","9,039,129"
7/28/2014,881,887,870,870,"5,964","5,228,894"
7/30/2014,870,895,865,883,"13,794","12,230,484"
7/31/2014,883,883,860,860,"11,274","9,770,941"
8/3/2014,860,870,850,851,"11,684","10,052,252"
8/4/2014,851,851,825,835,"10,907","9,133,539"
8/5/2014,835,864,836,837,"7,406","6,257,139"
8/6/2014,837,899,853,870,"46,306","40,362,840"
8/7/2014,870,884,850,877,"35,034","30,096,637"
8/12/2014,877,874,855,870,"19,156","16,550,583"
8/13/2014,870,910,850,882,"20,410","17,817,317"
8/14/2014,882,900,880,885,"14,962","13,264,123"
8/18/2014,885,897,850,865,"17,895","15,572,664"
8/19/2014,865,885,861,880,"27,089","23,761,270"
8/20/2014,880,878,855,855,"14,378","12,453,833"
8/21/2014,855,875,826,868,"17,433","14,857,873"
8/24/2014,868,875,860,860,"14,499","12,562,462"
8/25/2014,860,855,809,829,"13,723","11,279,511"
8/26/2014,829,879,792,800,"28,905","23,709,486"
8/27/2014,800,855,816,851,"20,208","17,050,778"
8/28/2014,851,871,830,840,"29,856","25,379,067"
8/31/2014,840,841,815,821,"13,244","10,902,176"
9/1/2014,821,812,776,809,"15,506","12,171,944"
9/3/2014,809,805,780,785,"13,879","10,950,781"
9/4/2014,785,780,750,772,"41,689","31,676,453"
9/7/2014,772,784,716,716,"10,261","7,547,671"
9/9/2014,716,773,715,773,"20,128","14,904,303"
9/10/2014,773,803,740,760,"17,080","13,130,823"
9/11/2014,760,756,720,756,"13,716","10,078,456"
9/14/2014,756,763,748,748,"8,550","6,452,338"
9/15/2014,748,749,726,745,"8,659","6,394,719"
9/16/2014,745,731,683,705,"27,267","18,874,190"
9/17/2014,705,714,700,702,"13,721","9,663,647"
9/18/2014,702,703,672,672,"5,095","3,461,145"
9/21/2014,672,663,644,655,"9,690","6,299,419"
9/22/2014,655,660,640,645,"8,850","5,718,580"
9/23/2014,645,683,657,660,"5,754","3,811,717"
9/24/2014,660,690,650,690,"7,946","5,335,739"
9/28/2014,690,709,691,709,"4,642","3,259,778"
9/29/2014,709,720,691,714,"3,933","2,775,669"
9/30/2014,714,730,710,710,"5,805","4,184,415"
10/9/2014,710,701,685,690,"2,879","1,986,295"
10/12/2014,690,690,685,685,"3,318","2,284,761"
10/13/2014,685,690,680,690,"4,762","3,242,635"
10/14/2014,690,705,682,702,"12,523","8,766,867"
10/15/2014,702,709,691,709,"4,826","3,397,631"
10/16/2014,709,718,700,701,"8,685","6,122,474"
10/19/2014,701,713,683,700,"22,812","15,904,255"
10/20/2014,625,620,615,620,"1,245","770,670"
10/21/2014,620,615,611,615,"1,516","927,979"
10/22/2014,615,616,604,616,70,"42,820"
10/26/2014,616,615,605,610,518,"315,517"
10/27/2014,610,615,610,610,"5,311","3,255,815"
10/28/2014,610,615,600,610,"6,383","3,873,756"
10/30/2014,610,620,615,618,440,"272,068"
11/2/2014,618,618,610,615,831,"509,171"
11/3/2014,615,605,592,601,"1,918","1,146,676"
11/4/2014,601,601,580,601,"2,615","1,542,229"
11/5/2014,601,611,591,611,823,"491,907"
11/6/2014,611,611,589,593,"1,490","882,920"
11/9/2014,593,595,593,595,552,"328,336"
11/10/2014,595,585,575,575,"4,457","2,577,689"
11/11/2014,575,592,569,590,"10,759","6,204,271"
11/12/2014,590,585,582,583,"3,383","1,973,086"
11/13/2014,583,601,577,601,"1,249","732,082"
11/16/2014,601,590,577,577,"5,156","3,000,901"
11/17/2014,577,585,565,581,"1,901","1,087,022"
11/18/2014,581,580,559,570,"8,124","4,630,985"
11/19/2014,570,575,570,571,"2,060","1,176,000"
11/20/2014,571,592,575,575,"1,359","791,869"
11/23/2014,575,593,564,575,"2,721","1,580,246"
11/24/2014,575,584,575,575,349,"202,585"
11/25/2014,575,580,580,580,210,"121,800"
11/30/2014,580,581,580,581,72,"41,796"
12/1/2014,581,572,558,561,"1,773","999,798"
12/2/2014,561,568,552,568,"1,647","924,717"
12/3/2014,568,578,565,575,"2,010","1,153,120"
12/4/2014,575,591,570,570,"2,072","1,189,862"
12/7/2014,570,572,569,572,"2,306","1,315,296"
12/8/2014,572,583,565,572,"1,081","619,822"
12/9/2014,572,570,562,567,"4,118","2,325,899"
12/10/2014,567,578,570,570,"1,828","1,049,172"
12/11/2014,570,593,570,593,"9,379","5,406,195"
12/14/2014,593,649,600,638,"11,717","7,284,676"
12/15/2014,638,676,623,655,"13,599","8,933,509"
12/16/2014,655,665,630,649,"8,691","5,626,941"
12/17/2014,649,645,626,645,"1,078","686,150"
12/18/2014,645,645,631,645,"4,380","2,798,215"
12/21/2014,645,634,619,626,636,"396,885"
12/22/2014,626,621,616,618,"2,177","1,347,434"
12/23/2014,618,614,591,614,"1,880","1,137,234"
12/24/2014,614,632,615,628,"2,628","1,636,607"
12/28/2014,628,658,640,648,"4,574","2,958,467"
12/28/2014,628,658,640,648,"4,574","2,958,467"
12/29/2014,648,654,630,652,"8,149","5,216,782"
12/31/2014,652,651,644,647,"4,598","2,973,956"
1/1/2015,647,660,645,651,"9,356","6,100,148"
1/4/2015,651,668,650,665,"16,800","11,027,261"
1/5/2015,665,670,643,655,"3,161","2,094,607"
1/6/2015,655,665,644,658,"3,423","2,254,398"
1/7/2015,658,664,651,660,"2,907","1,906,549"
1/8/2015,660,671,659,664,"7,609","5,053,252"
1/11/2015,664,666,654,666,"3,138","2,071,243"
1/12/2015,666,666,653,666,"5,136","3,391,242"
1/13/2015,666,666,653,666,"7,800","5,114,949"
1/14/2015,666,672,660,664,"1,869","1,240,095"
1/18/2015,664,690,660,674,"4,503","3,024,613"
1/19/2015,674,714,687,707,"10,712","7,524,677"
1/20/2015,707,707,687,687,"8,463","5,886,999"
1/22/2015,687,680,663,678,"3,663","2,460,762"
1/25/2015,678,708,671,708,"3,504","2,405,463"
1/26/2015,708,710,696,696,"4,997","3,512,612"
1/27/2015,696,696,683,690,830,"574,133"
1/28/2015,690,707,690,707,"6,114","4,296,969"
1/29/2015,707,715,697,703,"8,743","6,156,319"
2/1/2015,703,725,712,719,"6,430","4,608,177"
2/2/2015,719,725,713,713,"3,790","2,719,611"
2/3/2015,713,709,699,709,"1,064","748,520"
2/4/2015,709,720,700,720,"4,279","3,018,993"
2/5/2015,720,710,696,700,"4,313","3,023,840"
2/8/2015,700,714,700,706,"5,114","3,608,803"
2/9/2015,706,706,695,702,"5,742","4,028,950"
2/10/2015,702,700,690,700,"1,964","1,370,309"
2/11/2015,700,701,686,700,"1,781","1,232,579"
2/12/2015,700,705,695,699,"3,239","2,263,169"
2/15/2015,699,701,696,701,"12,747","8,912,664"
2/16/2015,701,701,694,700,"7,581","5,283,653"
2/16/2015,701,701,694,700,"7,581","5,283,653"
2/18/2015,700,699,690,699,"2,072","1,441,519"
2/22/2015,699,689,685,686,"3,626","2,490,909"
2/23/2015,686,686,677,683,"10,506","7,137,615"
2/24/2015,683,685,679,685,"4,840","3,302,949"
2/25/2015,685,684,678,678,"2,450","1,669,769"
2/26/2015,678,688,675,684,"3,302","2,244,464"
3/1/2015,684,683,680,681,"1,025","698,565"
3/2/2015,681,690,685,690,"2,936","2,020,958"
3/3/2015,690,695,687,690,"3,863","2,668,359"
3/4/2015,690,705,697,699,"4,149","2,908,618"
3/9/2015,699,710,693,699,"2,178","1,524,421"
3/10/2015,699,695,686,694,"1,470","1,016,240"
3/11/2015,694,695,681,688,"3,190","2,189,908"
3/12/2015,688,690,685,686,"3,057","2,101,827"
3/15/2015,686,684,674,684,"1,801","1,216,282"
3/16/2015,684,680,661,669,"2,414","1,613,389"
3/17/2015,669,672,645,665,"5,807","3,851,681"
3/18/2015,665,670,651,662,"5,522","3,634,966"
3/19/2015,662,685,670,685,"4,831","3,277,811"
3/22/2015,685,685,666,670,"6,176","4,158,336"
3/23/2015,670,670,657,657,"2,482","1,642,873"
3/24/2015,657,665,657,658,"4,352","2,869,541"
3/25/2015,658,662,649,660,"6,360","4,149,849"
3/26/2015,660,653,653,653,165,"107,745"
3/29/2015,653,652,648,650,"4,275","2,777,537"
3/30/2015,650,660,647,650,"3,480","2,252,965"
3/31/2015,650,665,653,665,"1,718","1,128,389"
4/1/2015,665,674,652,655,"2,362","1,548,527"
4/2/2015,655,662,655,662,"3,083","2,030,838"
4/5/2015,662,656,651,656,"2,762","1,802,402"
4/6/2015,656,657,649,650,"4,040","2,632,468"
4/7/2015,650,661,650,653,"2,357","1,547,962"
4/8/2015,653,675,651,671,"1,818","1,205,277"
4/9/2015,671,680,670,678,"1,924","1,302,044"
4/12/2015,678,700,682,685,"7,816","5,393,505"
4/13/2015,685,690,682,687,"3,183","2,183,701"
4/15/2015,687,681,677,680,"6,878","4,674,360"
4/16/2015,680,689,677,683,"7,717","5,255,127"
4/19/2015,683,695,681,695,"6,303","4,359,546"
4/20/2015,695,708,691,698,"7,789","5,446,479"
4/21/2015,698,710,698,700,"5,748","4,025,919"
4/22/2015,700,695,690,691,"2,981","2,062,966"
4/23/2015,691,691,682,690,"4,222","2,896,045"
5/26/2015,690,677,621,621,"8,817","5,525,814"
5/27/2015,621,609,570,580,"20,143","11,748,610"
5/28/2015,580,597,569,592,"12,283","7,135,078"
5/31/2015,592,619,597,619,"7,287","4,451,757"
6/1/2015,619,643,615,625,"10,725","6,720,279"
6/2/2015,625,631,616,630,"4,987","3,119,164"
6/3/2015,630,660,640,651,"7,226","4,696,605"
6/4/2015,651,654,638,649,"6,670","4,311,427"
6/7/2015,649,657,645,651,"4,951","3,212,261"
6/8/2015,651,685,664,675,"10,190","6,869,330"
6/8/2015,651,685,664,675,"10,190","6,869,330"
6/8/2015,651,685,664,675,"10,190","6,869,330"
6/9/2015,675,715,688,698,"16,430","11,465,911"
6/10/2015,698,695,675,681,"8,353","5,728,537"
6/11/2015,681,675,660,663,"10,636","7,070,093"
6/14/2015,663,665,647,655,"6,061","3,959,398"
6/15/2015,655,665,643,660,"5,954","3,914,685"
6/16/2015,660,660,650,659,"1,713","1,123,856"
6/17/2015,659,659,650,659,"3,023","1,977,971"
6/18/2015,659,660,654,659,"3,175","2,084,571"
6/21/2015,659,651,646,649,"1,566","1,013,344"
6/22/2015,649,660,649,660,"1,297","845,414"
6/23/2015,660,659,650,659,"5,342","3,490,668"
6/24/2015,659,665,654,658,"2,484","1,636,485"
6/25/2015,658,665,660,665,"1,502","995,347"
6/28/2015,665,670,665,668,"5,103","3,406,923"
6/29/2015,668,681,665,665,"3,244","2,177,824"
6/30/2015,665,672,663,667,"6,330","4,224,080"
7/1/2015,667,667,664,664,"4,476","2,976,649"
7/2/2015,664,666,655,666,"1,677","1,106,978"
7/5/2015,666,667,655,656,"3,212","2,113,497"
7/6/2015,656,657,650,654,"7,065","4,615,625"
7/7/2015,654,665,654,665,"1,427","939,720"
7/8/2015,665,670,660,663,"5,195","3,444,343"
7/9/2015,663,663,660,660,881,"581,712"
7/12/2015,660,668,650,668,"3,329","2,205,520"
7/13/2015,668,667,660,667,"3,237","2,147,302"
7/14/2015,667,672,654,667,"6,605","4,395,478"
7/15/2015,667,676,668,670,"3,563","2,387,543"
7/16/2015,670,680,671,678,"3,381","2,285,048"
7/22/2015,678,699,676,689,"4,096","2,811,382"
7/23/2015,689,757,699,757,"30,632","22,015,691"
7/26/2015,757,802,772,802,244,"194,143"
7/27/2015,802,850,770,770,"37,875","30,451,024"
7/28/2015,770,806,728,764,"18,439","14,214,859"
7/29/2015,764,773,748,756,"5,363","4,057,689"
7/30/2015,756,770,745,755,"6,054","4,617,609"
8/2/2015,755,764,751,764,"5,122","3,883,900"
8/3/2015,764,760,745,749,"10,800","8,108,407"
8/4/2015,749,750,742,750,"10,766","8,047,430"
8/5/2015,750,749,733,743,"10,101","7,480,654"
8/6/2015,743,767,746,752,"9,199","6,921,065"
8/9/2015,752,781,741,760,"21,249","16,015,783"
8/10/2015,760,800,761,779,"19,525","15,061,393"
8/11/2015,779,779,746,760,"16,785","12,767,114"
8/12/2015,760,770,732,765,"24,529","18,674,602"
8/13/2015,765,772,755,772,"27,403","20,931,691"
8/16/2015,772,775,746,769,"25,911","19,800,965"
8/17/2015,769,845,784,845,"28,127","23,671,036"
8/18/2015,845,890,830,870,"15,853","13,680,051"
8/18/2015,845,890,830,870,"15,853","13,680,051"
8/19/2015,870,889,860,872,"8,967","7,878,256"
8/20/2015,872,910,870,875,"18,299","16,238,140"
8/23/2015,875,909,845,890,"4,598","4,045,280"
8/24/2015,890,893,860,860,"4,173","3,647,873"
8/25/2015,860,880,835,861,"9,751","8,403,924"
8/26/2015,861,861,844,847,"4,086","3,488,571"
8/27/2015,847,863,840,845,"3,621","3,075,175"
8/31/2015,845,855,840,850,"6,161","5,234,801"
9/1/2015,850,855,845,845,"5,836","4,948,790"
9/2/2015,845,835,825,835,"3,707","3,082,944"
9/3/2015,835,833,819,824,"7,759","6,401,403"
9/6/2015,824,834,810,815,"14,661","12,028,161"
9/7/2015,815,820,798,810,"12,685","10,214,619"
9/8/2015,810,821,808,815,"7,039","5,724,395"
9/9/2015,815,820,802,806,"3,959","3,192,278"
9/10/2015,806,805,800,800,"7,253","5,816,100"
9/13/2015,800,814,800,812,"12,897","10,418,112"
9/14/2015,812,830,814,823,"10,736","8,803,633"
9/15/2015,823,840,831,833,"11,919","9,967,629"
9/16/2015,833,849,830,830,"8,652","7,234,788"
9/17/2015,830,842,815,815,"11,199","9,219,292"
9/22/2015,815,802,775,785,"15,103","11,920,076"
9/23/2015,785,821,790,799,"7,422","5,930,619"
9/24/2015,799,798,770,795,"7,162","5,661,323"
9/28/2015,795,785,765,780,"9,661","7,483,962"
9/29/2015,780,799,765,778,"6,271","4,901,875"
9/30/2015,778,795,783,791,"8,766","6,910,861"
10/1/2015,791,803,788,790,"5,469","4,328,329"
10/4/2015,790,795,775,783,"11,306","8,864,475"
10/5/2015,783,790,775,775,"6,022","4,678,987"
10/6/2015,775,774,764,770,"3,369","2,583,618"
10/7/2015,770,760,743,760,"7,098","5,329,738"
10/8/2015,760,770,751,769,"6,983","5,316,684"
10/11/2015,769,755,736,745,"9,431","7,063,933"
10/14/2015,745,741,721,726,"9,025","6,577,592"
10/15/2015,726,725,715,722,"2,487","1,790,854"
10/18/2015,722,722,708,717,"3,225","2,293,202"
10/19/2015,717,725,720,723,743,"536,149"
10/27/2015,723,709,680,680,"8,277","5,705,931"
10/28/2015,680,683,654,680,"4,595","3,051,415"
10/29/2015,680,700,680,680,"1,641","1,123,175"
11/1/2015,680,680,662,676,"5,970","3,976,936"
11/2/2015,676,693,680,685,"2,670","1,834,743"
11/3/2015,685,685,661,675,"3,657","2,469,170"
11/4/2015,675,677,663,675,"1,020","688,200"
11/5/2015,675,675,666,671,"10,146","6,786,946"
11/8/2015,671,671,670,670,323,"216,521"
11/9/2015,670,688,680,682,"2,199","1,500,517"
11/10/2015,682,703,686,686,"2,256","1,564,122"
11/15/2015,686,686,680,686,900,"615,000"
11/16/2015,686,676,671,675,"2,881","1,943,405"
11/18/2015,675,680,662,678,"5,810","3,897,850"
11/19/2015,678,678,673,674,"2,199","1,484,381"
11/22/2015,674,662,655,657,"2,216","1,458,767"
11/23/2015,657,661,645,661,"4,597","2,987,401"
11/24/2015,661,674,662,662,"1,328","887,489"
11/25/2015,662,660,653,653,"2,467","1,621,583"
11/26/2015,653,652,635,640,"9,378","5,995,369"
11/29/2015,640,628,590,605,"7,379","4,449,513"
11/30/2015,605,627,594,610,"5,651","3,440,939"
12/1/2015,610,646,616,646,"6,647","4,206,673"
12/2/2015,646,647,624,632,"3,427","2,174,432"
12/3/2015,632,663,631,637,"3,713","2,378,052"
12/6/2015,637,670,645,669,"5,131","3,365,744"
12/7/2015,669,680,665,670,"4,851","3,264,835"
12/8/2015,670,691,680,691,"6,670","4,571,936"
12/9/2015,691,716,699,701,"12,896","9,146,828"
12/10/2015,701,700,695,699,"6,371","4,451,709"
12/13/2015,699,710,698,701,"9,143","6,449,194"
12/14/2015,701,705,687,698,"9,284","6,434,379"
12/15/2015,698,707,693,696,"39,648","27,729,210"
12/16/2015,580,591,571,571,"3,666","2,113,439"
12/17/2015,571,582,560,565,"4,196","2,392,386"
12/20/2015,565,565,554,565,"5,184","2,894,847"
12/21/2015,565,605,576,601,"9,602","5,755,188"
12/22/2015,601,620,600,615,"7,277","4,456,852"
12/23/2015,615,619,610,617,"3,950","2,434,782"
12/24/2015,617,627,615,617,"2,177","1,349,511"
12/27/2015,617,619,600,610,"1,478","900,391"
12/28/2015,610,610,597,600,"6,188","3,722,684"
12/29/2015,600,605,598,601,"3,984","2,392,585"
12/31/2015,601,627,604,620,"6,817","4,155,257"
1/3/2016,620,615,605,610,"2,818","1,720,244"
1/4/2016,610,605,591,597,"4,844","2,904,232"
1/5/2016,597,597,590,594,"7,422","4,400,200"
1/6/2016,594,599,590,595,"17,443","10,368,797"
7/11/2016,595,654,606,654,"1,050","685,500"
7/12/2016,654,719,667,719,130,"89,570"
7/13/2016,719,790,733,790,"5,370","4,231,540"
7/14/2016,790,869,805,869,176,"151,344"
7/17/2016,869,955,886,955,"2,660","2,538,590"
7/18/2016,955,1050,974,1050,"3,556","3,726,494"
7/19/2016,1050,1155,1071,1155,"28,079","32,260,738"
7/20/2016,1155,1270,1178,1215,"319,469","396,923,893"
7/21/2016,1215,1245,1200,1230,"106,523","129,939,775"
7/25/2016,1230,1332,1240,1330,"151,839","193,619,778"
7/26/2016,1330,1435,1350,1415,"181,715","254,314,642"
7/27/2016,1415,1416,1370,1384,"70,544","98,047,565"
7/28/2016,1384,1404,1345,1380,"83,810","115,304,716"
7/31/2016,1380,1393,1363,1368,"47,932","65,796,269"
8/1/2016,1368,1372,1335,1352,"53,125","71,739,196"
8/2/2016,1352,1362,1336,1349,"79,768","107,354,921"
8/3/2016,1349,1364,1316,1335,"54,074","72,193,686"
8/4/2016,1335,1321,1280,1290,"91,888","119,640,641"
8/7/2016,1290,1330,1281,1290,"81,453","106,550,932"
8/8/2016,1290,1285,1191,1191,"42,709","52,572,650"
8/9/2016,1191,1310,1214,1295,"27,548","35,615,620"
8/10/2016,1295,1330,1250,1295,"86,015","111,519,526"
8/11/2016,1295,1310,1280,1290,"33,062","42,772,165"
8/14/2016,1290,1290,1250,1275,"34,538","43,907,187"
8/15/2016,1275,1268,1216,1246,"29,364","36,307,353"
8/16/2016,1246,1294,1220,1264,"21,995","27,425,170"
8/17/2016,1264,1279,1252,1268,"24,721","31,359,235"
8/21/2016,1268,1281,1255,1270,"15,449","19,556,039"
8/22/2016,1270,1265,1235,1249,"14,319","17,830,723"
8/23/2016,1249,1254,1215,1234,"36,789","45,414,503"
8/24/2016,1234,1279,1236,1250,"17,277","21,554,460"
8/28/2016,1250,1287,1240,1277,"22,566","28,441,566"
8/29/2016,1277,1331,1270,1331,"67,226","87,798,394"
8/30/2016,1331,1339,1310,1335,"36,348","48,344,941"
8/31/2016,1335,1350,1320,1348,"28,047","37,428,871"
9/1/2016,1348,1361,1340,1345,"30,275","40,755,378"
9/3/2016,1345,1404,1350,1399,"87,766","121,941,184"
9/4/2016,1345,1404,1350,1399,"87,766","121,941,184"
9/5/2016,1399,1448,1400,1416,"71,484","101,051,358"
9/6/2016,1416,1440,1375,1400,"62,603","88,286,442"
9/7/2016,1400,1424,1370,1388,"23,618","32,906,322"
9/8/2016,1388,1399,1370,1388,"20,887","28,843,048"
9/11/2016,1388,1393,1376,1378,"16,181","22,355,352"
9/12/2016,1378,1380,1367,1370,"19,221","26,376,936"
9/14/2016,1370,1385,1368,1379,"30,941","42,521,783"
9/18/2016,1379,1378,1352,1361,"22,237","30,252,386"
9/20/2016,1361,1366,1331,1331,"36,033","48,533,520"
9/21/2016,1331,1343,1314,1330,"32,273","42,942,971"
9/22/2016,1330,1340,1320,1320,"20,008","26,613,292"
9/25/2016,1320,1328,1270,1272,"29,013","37,349,433"
9/26/2016,1272,1314,1275,1294,"41,396","53,349,208"
9/27/2016,1294,1319,1285,1293,"40,097","51,877,471"
9/28/2016,1293,1296,1282,1290,"28,066","36,142,653"
9/29/2016,1290,1305,1282,1297,"24,084","31,115,935"
10/2/2016,1297,1309,1281,1293,"65,368","84,671,124"
10/3/2016,1054,1105,1060,1092,"18,849","20,544,455"
10/4/2016,1092,1103,1092,1093,"15,616","17,157,650"
10/5/2016,1093,1100,1087,1090,"7,093","7,736,133"
10/6/2016,1090,1115,1096,1109,"19,805","21,956,639"
10/16/2016,1109,1110,1095,1100,"3,481","3,833,140"
10/17/2016,1100,1091,1080,1082,"7,993","8,660,650"
10/18/2016,1082,1085,1078,1080,"8,731","9,439,926"
10/19/2016,1080,1083,1070,1080,"20,000","21,468,129"
10/20/2016,1080,1088,1078,1080,"6,614","7,150,240"
10/23/2016,1080,1077,1056,1065,"13,449","14,330,310"
10/24/2016,1065,1060,1045,1049,"8,735","9,211,707"
10/25/2016,1049,1047,1040,1041,"3,994","4,168,067"
10/26/2016,1041,1045,1020,1035,"11,616","11,949,653"
10/27/2016,1035,1050,1040,1047,"5,771","6,018,303"
11/3/2016,1047,1060,1036,1060,"3,373","3,539,112"
11/7/2016,1060,1075,1056,1060,"12,232","13,020,831"
11/8/2016,1060,1060,1032,1040,"12,075","12,568,607"
11/9/2016,1040,1050,1000,1020,"15,424","15,755,019"
11/10/2016,1020,1039,1010,1028,"16,015","16,359,751"
11/13/2016,1028,1058,1034,1037,"14,342","14,919,943"
11/14/2016,1037,1078,1040,1075,"38,647","40,939,394"
11/15/2016,1075,1090,1065,1066,"28,207","30,305,815"
11/16/2016,1066,1075,1050,1065,"16,199","17,248,816"
11/17/2016,1065,1084,1050,1061,"65,622","69,802,052"
11/20/2016,1061,1055,981,1020,"53,942","54,361,674"
11/21/2016,1020,1034,982,1029,"34,563","34,791,076"
11/22/2016,1029,1025,989,1011,"25,417","25,690,413"
11/23/2016,1011,1010,970,975,"32,507","31,982,965"
11/24/2016,975,1015,950,970,"34,987","33,855,556"
11/27/2016,970,989,900,903,"42,436","39,019,849"
11/28/2016,903,956,850,955,"46,016","40,773,942"
11/29/2016,955,995,890,988,"45,583","43,370,405"
11/30/2016,988,1023,970,1020,"53,892","53,699,839"
12/1/2016,1020,1039,985,1026,"63,451","64,967,316"
12/4/2016,1026,1049,995,1020,"53,773","54,866,085"
12/5/2016,1020,1102,1025,1030,"113,276","118,307,528"
12/6/2016,1030,1040,1025,1038,"84,841","87,459,783"
12/7/2016,1038,1043,1032,1036,"34,989","36,254,304"
12/8/2016,1036,1055,1031,1035,"27,376","28,354,538"
12/11/2016,1035,1036,1020,1020,"24,715","25,371,498"
12/12/2016,1020,1020,990,997,"36,770","36,809,031"
12/14/2016,997,1015,993,1000,"20,940","20,908,958"
12/15/2016,1000,1025,1000,1015,"19,809","20,038,112"
12/18/2016,1015,1018,990,1010,"26,364","26,636,379"
12/19/2016,1010,1015,1005,1013,"20,494","20,679,184"
12/20/2016,1013,1010,995,1000,"22,355","22,366,806"
12/21/2016,1000,999,972,988,"14,768","14,548,491"
12/22/2016,988,995,989,990,"8,498","8,422,520"
12/26/2016,990,990,958,960,"20,309","19,696,551"
12/27/2016,960,959,915,928,"35,830","33,354,191"
12/28/2016,928,942,926,940,"21,141","19,747,579"
12/29/2016,940,970,940,955,"17,861","17,063,213"
1/1/2017,955,992,956,980,"14,576","14,319,520"
1/2/2017,980,1010,984,997,"21,522","21,420,789"
1/3/2017,997,1004,970,980,"11,557","11,365,836"
1/4/2017,980,985,960,969,"10,410","10,118,444"
1/5/2017,969,1003,969,978,"10,095","9,917,238"
1/8/2017,978,980,965,980,"5,037","4,921,706"
1/9/2017,980,985,976,979,"7,958","7,804,780"
1/10/2017,979,991,975,990,"9,058","8,948,276"
1/11/2017,990,1000,975,981,"8,662","8,583,056"
1/12/2017,981,1010,990,996,"18,072","18,011,961"
1/15/2017,996,1015,997,1003,"23,988","24,092,552"
1/16/2017,1003,1004,996,1002,"11,359","11,361,639"
1/17/2017,1002,1001,994,994,"18,101","18,031,264"
1/18/2017,994,999,991,991,"18,294","18,191,626"
1/19/2017,991,995,986,986,"12,940","12,818,931"
1/22/2017,986,996,984,985,"14,593","14,424,250"
1/23/2017,985,990,980,981,"10,692","10,502,742"
1/24/2017,981,985,972,981,"13,707","13,434,001"
1/25/2017,981,980,960,960,"11,854","11,478,032"
1/26/2017,960,960,912,950,"32,094","30,037,274"
1/30/2017,950,965,885,896,"30,530","27,789,228"
1/31/2017,896,936,868,900,"25,820","23,171,520"
2/1/2017,900,930,900,923,"90,023","82,223,211"
2/2/2017,664,690,650,655,"18,776","12,405,622"
2/5/2017,655,660,630,630,"6,113","3,883,422"
2/6/2017,630,632,619,620,"5,743","3,587,000"
2/7/2017,620,630,612,615,"7,500","4,645,651"
2/8/2017,615,618,608,608,"5,188","3,172,017"
2/9/2017,608,605,595,596,"5,408","3,236,204"
2/12/2017,596,585,565,566,"12,329","7,015,772"
2/13/2017,566,577,520,568,"9,824","5,386,630"
2/14/2017,568,580,560,570,"9,376","5,335,697"
2/15/2017,570,590,565,580,"9,504","5,466,763"
2/16/2017,580,595,580,582,"21,118","12,394,262"
2/19/2017,582,600,572,596,"24,574","14,534,954"
2/20/2017,596,619,589,590,"26,214","15,655,884"
2/21/2017,590,614,575,588,"15,873","9,372,559"
2/22/2017,588,584,565,570,"7,355","4,221,934"
2/23/2017,570,580,568,570,"6,406","3,672,262"
2/26/2017,570,571,557,557,"4,243","2,399,014"
2/28/2017,557,554,536,540,"17,841","9,696,714"
3/1/2017,540,555,534,550,"8,337","4,542,945"
3/2/2017,550,560,545,559,"8,861","4,918,811"
3/5/2017,559,583,564,576,"8,669","5,008,809"
3/6/2017,576,600,577,583,"7,844","4,599,420"
3/7/2017,583,580,566,570,"12,075","6,898,339"
3/9/2017,570,578,570,574,"6,100","3,509,033"
3/13/2017,574,581,570,570,"4,397","2,540,984"
3/14/2017,570,580,569,569,"4,399","2,528,432"
3/15/2017,569,570,560,570,"9,597","5,410,961"
3/16/2017,570,575,562,575,"4,063","2,324,135"
3/19/2017,575,586,575,583,"13,887","8,085,577"
3/20/2017,583,595,585,592,"20,400","12,035,814"
3/21/2017,592,615,590,615,"32,082","19,222,135"
3/22/2017,615,645,624,626,"35,411","22,432,161"
3/23/2017,626,637,618,629,"17,418","10,983,220"
3/26/2017,629,658,634,644,"33,484","21,643,660"
3/28/2017,644,700,656,700,"30,392","20,784,999"
3/29/2017,700,734,685,685,"36,634","25,713,208"
3/30/2017,685,698,666,680,"19,289","13,156,811"
4/2/2017,680,738,693,738,"28,929","20,419,767"
4/3/2017,738,775,720,725,"35,063","26,374,290"
4/4/2017,725,745,705,725,"22,502","16,344,473"
4/6/2017,725,739,716,724,"13,446","9,734,201"
4/9/2017,724,731,720,724,"9,219","6,688,087"
4/10/2017,724,740,716,740,"26,461","19,358,077"
4/11/2017,740,775,744,775,"39,033","29,941,177"
4/12/2017,775,804,760,760,"38,569","30,336,208"
4/13/2017,760,785,730,775,"30,228","23,111,144"
4/16/2017,775,780,740,748,"17,117","13,002,291"
4/18/2017,748,750,721,734,"23,569","17,359,241"
4/19/2017,734,760,730,750,"25,510","19,097,918"
4/20/2017,750,780,740,750,"27,728","20,921,471"
4/23/2017,750,800,747,750,"73,017","55,361,548"
4/24/2017,750,754,738,740,"50,701","37,716,157"
4/25/2017,740,740,725,729,"40,591","29,604,676"
4/26/2017,729,729,710,722,"10,351","7,460,395"
4/27/2017,722,730,703,715,"27,399","19,568,847"
4/30/2017,715,715,700,701,"21,055","14,839,698"
5/2/2017,701,712,696,700,"39,613","27,888,694"
5/3/2017,700,727,702,710,"14,389","10,199,497"
5/4/2017,710,710,698,700,"16,217","11,392,667"
5/7/2017,700,710,680,685,"21,920","15,041,011"
5/8/2017,685,690,670,670,"29,270","19,788,755"
5/9/2017,670,687,673,675,"18,764","12,719,229"
5/11/2017,675,685,674,685,"21,534","14,596,742"
5/15/2017,685,699,678,678,"12,987","8,895,197"
5/16/2017,678,680,672,675,"8,964","6,056,209"
5/17/2017,675,685,661,680,"51,225","34,347,825"
5/18/2017,680,681,670,674,"12,899","8,677,690"
5/21/2017,674,681,660,668,"27,725","18,404,056"
5/22/2017,668,679,667,673,"24,613","16,548,104"
5/23/2017,673,695,680,689,"62,220","42,891,374"
5/24/2017,689,698,678,686,"70,866","48,519,382"
5/28/2017,686,690,666,670,"164,524","110,524,882"
5/30/2017,538,558,515,516,"25,629","13,364,682"
5/31/2017,516,526,507,516,"32,325","16,541,439"
6/1/2017,516,525,517,519,"24,418","12,756,903"
6/4/2017,519,524,516,517,"26,009","13,478,965"
6/5/2017,517,521,517,517,"30,909","16,034,783"
6/6/2017,517,535,517,530,"44,665","23,362,354"
6/7/2017,530,540,517,520,"29,804","15,658,995"
6/8/2017,520,524,510,523,"23,980","12,350,199"
6/11/2017,523,520,503,509,"23,320","11,955,134"
6/12/2017,509,515,503,506,"16,780","8,561,317"
6/13/2017,506,517,500,505,"24,071","12,119,391"
6/14/2017,505,510,503,510,"15,226","7,684,493"
6/15/2017,510,512,504,505,"27,321","13,849,589"
6/18/2017,505,505,499,500,"13,062","6,538,244"
6/19/2017,500,501,494,494,"11,327","5,638,159"
6/20/2017,494,495,478,485,"22,232","10,790,276"
6/21/2017,485,493,485,491,"10,537","5,158,635"
6/22/2017,491,499,485,485,"54,714","26,757,006"
6/25/2017,485,494,485,485,"16,132","7,877,255"
6/27/2017,485,488,479,482,"19,414","9,357,199"
6/28/2017,482,483,474,475,"16,066","7,678,835"
7/2/2017,475,475,464,465,"29,751","13,877,085"
7/3/2017,465,470,461,465,"13,629","6,338,203"
7/4/2017,465,472,454,457,"25,096","11,558,396"
7/5/2017,457,466,457,462,"22,870","10,541,326"
7/6/2017,462,475,465,470,"23,229","10,919,840"
7/9/2017,470,488,470,480,"32,286","15,484,212"
7/10/2017,480,488,479,486,"17,978","8,713,209"
7/11/2017,486,490,480,490,"11,142","5,427,706"
7/12/2017,490,492,480,485,"7,093","3,461,433"
7/13/2017,485,486,478,485,"14,477","6,968,432"
7/16/2017,485,490,484,488,"5,970","2,906,196"
7/17/2017,488,489,484,489,"19,749","9,582,836"
7/18/2017,489,500,488,495,"14,492","7,146,817"
7/19/2017,495,497,485,486,"14,036","6,899,096"
7/20/2017,486,490,477,488,"11,576","5,638,998"
7/23/2017,488,490,480,485,"14,190","6,876,644"
7/24/2017,485,485,476,478,"6,748","3,235,179"
7/25/2017,478,485,476,476,"6,500","3,108,058"
7/26/2017,476,479,470,475,"7,143","3,389,816"
7/27/2017,475,478,463,466,"18,841","8,815,289"
7/30/2017,466,469,459,465,"13,878","6,450,324"
7/31/2017,465,471,463,470,"14,100","6,601,549"
8/1/2017,470,474,465,472,"12,409","5,847,007"
8/2/2017,472,472,463,470,"8,676","4,052,544"
8/3/2017,470,470,465,467,"5,145","2,404,961"
8/6/2017,467,475,467,470,"13,306","6,260,014"
8/7/2017,470,472,462,470,"13,641","6,354,301"
8/9/2017,470,474,463,464,"6,799","3,169,476"
8/10/2017,464,464,456,456,"19,058","8,749,736"
8/13/2017,456,460,445,448,"16,580","7,428,700"
8/15/2017,448,455,437,446,"12,450","5,547,524"
8/16/2017,446,458,441,450,"11,567","5,208,206"
8/17/2017,450,450,445,447,"10,351","4,631,876"
8/20/2017,447,448,439,448,"8,589","3,810,134"
8/21/2017,448,442,437,439,"7,989","3,515,668"
8/22/2017,439,450,439,444,"7,359","3,266,672"
8/23/2017,444,445,430,444,"8,320","3,658,244"
8/24/2017,444,444,436,441,"13,626","6,000,620"
8/27/2017,441,446,434,435,"9,928","4,346,124"
8/28/2017,435,435,428,431,"9,083","3,919,519"
8/30/2017,431,438,426,427,"9,073","3,904,952"
8/31/2017,427,430,420,426,"13,707","5,834,162"
9/4/2017,426,431,412,422,"14,621","6,175,437"
9/6/2017,422,424,420,420,"15,596","6,567,132"
9/7/2017,420,430,415,422,"51,528","21,759,216"
9/10/2017,422,421,412,418,"12,295","5,123,587"
9/11/2017,418,426,416,420,"21,597","9,063,395"
9/12/2017,420,421,410,410,"14,925","6,184,584"
9/13/2017,410,420,410,413,"8,078","3,351,430"
9/14/2017,413,420,410,419,"7,726","3,226,256"
9/17/2017,419,430,417,425,"20,394","8,619,832"
9/18/2017,425,434,420,425,"11,494","4,879,950"
9/20/2017,425,429,423,429,"12,448","5,298,504"
9/24/2017,429,426,416,423,"5,883","2,479,804"
9/25/2017,423,427,417,427,"6,132","2,594,508"
9/26/2017,427,432,426,428,"2,765","1,184,735"
10/3/2017,428,430,425,425,"2,073","882,750"
10/4/2017,425,425,414,414,"5,712","2,397,073"
10/8/2017,414,414,400,414,"19,792","8,034,245"
10/9/2017,414,417,400,403,"15,232","6,148,331"
10/10/2017,403,406,398,406,"8,025","3,232,668"
10/11/2017,406,410,400,405,"10,837","4,388,987"
10/12/2017,405,407,399,400,"14,187","5,716,159"
10/15/2017,400,404,400,402,"9,365","3,756,896"
10/16/2017,402,417,405,416,"9,834","4,053,906"
10/17/2017,416,428,412,417,"14,306","5,993,662"
10/18/2017,417,421,410,418,"8,249","3,436,727"
10/22/2017,418,434,422,425,"3,687","1,571,867"
10/23/2017,425,429,409,423,"6,979","2,930,828"
10/24/2017,423,423,415,417,"11,801","4,935,489"
10/25/2017,417,416,409,414,"14,218","5,867,235"
10/29/2017,414,413,409,410,"9,132","3,749,792"
10/30/2017,410,415,406,412,"16,337","6,676,312"
10/31/2017,412,410,407,409,"4,300","1,754,735"
11/1/2017,409,409,405,407,"10,014","4,071,433"
11/2/2017,407,407,400,406,"10,837","4,375,401"
11/5/2017,406,398,383,388,"39,495","15,307,133"
11/6/2017,388,396,386,390,"20,672","8,048,431"
11/7/2017,390,391,387,387,"5,075","1,973,933"
11/8/2017,387,385,375,380,"12,546","4,777,994"
11/9/2017,380,382,373,382,"11,244","4,236,915"
11/12/2017,382,390,380,390,"9,894","3,781,276"
11/13/2017,390,393,384,391,"16,214","6,304,573"
11/14/2017,391,396,389,390,"19,773","7,733,292"
11/15/2017,390,392,384,390,"14,647","5,673,037"
11/16/2017,390,392,383,383,"7,414","2,866,210"
11/19/2017,383,383,372,380,"6,445","2,444,854"
11/20/2017,380,380,375,377,"4,562","1,720,850"
11/21/2017,377,381,373,377,"10,016","3,783,174"
11/22/2017,377,385,377,385,"11,704","4,474,609"
11/23/2017,385,389,385,389,"10,781","4,163,611"
11/26/2017,389,400,383,391,"5,367","2,096,698"
11/27/2017,391,398,385,398,"13,942","5,471,070"
11/28/2017,398,400,392,394,"12,322","4,888,771"
11/29/2017,394,398,393,395,"21,319","8,436,830"
11/30/2017,395,397,392,397,"9,859","3,894,169"
12/4/2017,397,403,391,396,"7,305","2,896,199"
12/5/2017,396,400,392,393,"5,995","2,360,298"
12/6/2017,393,400,393,395,"5,851","2,309,031"
12/10/2017,395,402,390,391,"12,493","4,921,737"
12/11/2017,391,395,386,392,"8,437","3,278,424"
12/12/2017,392,391,385,387,"10,079","3,889,759"
12/13/2017,387,386,382,386,"9,641","3,700,313"
12/14/2017,386,386,382,384,"7,538","2,899,100"
12/17/2017,384,391,382,384,"4,008","1,538,702"
12/18/2017,384,385,380,380,"16,451","6,289,860"
12/19/2017,380,385,376,380,"10,954","4,169,451"
12/20/2017,380,381,376,380,"7,695","2,913,826"
12/21/2017,380,380,373,373,"9,423","3,538,386"
12/24/2017,373,376,370,370,"15,150","5,642,034"
12/26/2017,370,370,361,370,"3,994","1,467,025"
12/27/2017,370,372,363,363,"10,284","3,766,054"
12/28/2017,363,367,350,358,"9,609","3,432,046"
12/31/2017,358,358,348,355,"12,473","4,406,932"
1/1/2018,355,362,350,357,"20,407","7,244,765"
1/2/2018,357,364,355,360,"10,596","3,815,236"
1/3/2018,360,360,349,353,"7,696","2,713,425"
1/4/2018,353,358,353,355,"9,808","3,479,259"
1/7/2018,355,369,362,366,"19,899","7,295,326"
1/8/2018,366,380,367,375,"10,708","3,997,846"
1/9/2018,375,382,375,382,"12,882","4,876,733"
1/10/2018,382,385,376,378,"18,267","6,914,674"
1/14/2018,378,378,373,375,"8,055","3,017,161"
1/16/2018,375,374,365,370,"7,734","2,861,284"
1/17/2018,370,372,363,370,"4,922","1,815,940"
1/21/2018,370,375,363,366,"12,469","4,610,993"
1/22/2018,366,368,360,366,"11,867","4,312,965"
1/23/2018,366,366,360,360,"12,947","4,693,242"
1/24/2018,360,372,360,370,"8,889","3,250,774"
1/25/2018,370,375,367,372,"9,475","3,509,300"
1/28/2018,372,380,372,378,"20,079","7,539,617"
1/29/2018,378,380,375,379,"11,816","4,457,999"
1/31/2018,379,380,372,378,"11,371","4,272,144"
2/1/2018,378,378,370,370,"34,331","12,892,616"
2/4/2018,370,375,366,370,"46,506","17,125,212"
2/6/2018,345,345,337,343,"8,301","2,832,868"
2/7/2018,343,343,337,343,"5,382","1,823,770"
2/8/2018,343,345,339,345,"7,690","2,638,975"
2/11/2018,345,346,343,343,"3,089","1,061,619"
2/12/2018,343,346,343,346,"10,237","3,526,653"
2/14/2018,346,349,345,349,"7,882","2,733,399"
2/15/2018,349,368,350,364,"27,565","9,940,836"
2/18/2018,370,375,362,365,"48,946","17,916,327"
2/20/2018,366,370,356,356,"5,597","2,013,311"
2/21/2018,353,359,353,358,"13,282","4,718,738"
2/22/2018,358,365,357,364,"6,841","2,473,031"
2/25/2018,364,365,356,359,"23,425","8,397,704"
2/26/2018,363,363,354,354,"6,389","2,277,539"
2/27/2018,350,360,350,356,"13,168","4,709,333"
2/28/2018,356,357,349,352,"29,172","10,259,364"
3/4/2018,312,306,298,300,"16,221","4,877,486"
3/5/2018,301,301,290,296,"10,336","3,043,044"
3/6/2018,298,302,291,297,"16,400","4,843,743"
3/7/2018,300,306,300,304,"24,951","7,559,549"
3/11/2018,300,304,296,301,"6,238","1,863,465"
3/12/2018,301,301,292,297,"37,668","11,107,327"
3/13/2018,300,306,299,306,"6,179","1,863,052"
3/14/2018,301,301,295,300,"7,860","2,351,720"
3/15/2018,302,304,300,300,"5,164","1,556,414"
3/18/2018,302,302,298,300,"7,286","2,184,455"
3/19/2018,300,302,299,300,"11,514","3,455,979"
3/20/2018,300,300,297,297,"14,477","4,315,793"
3/21/2018,298,298,292,292,"21,987","6,469,849"
3/22/2018,288,304,288,290,"42,532","12,722,061"
3/26/2018,285,295,276,281,"18,641","5,324,054"
3/27/2018,279,300,276,294,"46,045","13,119,884"
3/28/2018,297,301,290,297,"31,023","9,199,095"
3/29/2018,301,308,297,305,"25,814","7,798,800"
4/1/2018,305,305,294,300,"16,818","5,006,563"
4/2/2018,299,300,296,299,"9,368","2,795,851"
4/3/2018,299,302,299,300,"9,549","2,863,301"
4/4/2018,303,312,300,308,"12,109","3,689,527"
4/5/2018,310,315,307,310,"28,068","8,695,633"
4/8/2018,310,320,308,315,"35,173","11,008,468"
4/9/2018,316,319,310,310,"25,463","8,010,030"
4/10/2018,307,315,304,306,"10,683","3,287,294"
4/11/2018,309,310,307,307,"6,441","1,986,918"
4/12/2018,313,313,305,305,"11,317","3,489,392"
4/15/2018,302,310,301,306,"2,343","712,992"
4/16/2018,307,313,307,308,"12,075","3,732,246"
4/17/2018,314,317,309,317,"21,597","6,791,178"
4/18/2018,323,348,318,328,"36,641","12,056,842"
4/19/2018,334,345,332,340,"47,180","15,982,806"
4/22/2018,346,370,345,365,"72,656","26,238,254"
4/23/2018,372,372,352,356,"58,921","21,436,091"
4/24/2018,363,363,352,356,"31,009","11,055,856"
4/25/2018,356,358,350,353,"16,716","5,910,279"
4/26/2018,354,360,347,356,"17,482","6,185,614"
4/29/2018,350,353,342,346,"14,522","5,025,139"
5/2/2018,350,350,340,343,"9,692","3,329,372"
5/3/2018,349,349,345,345,"12,898","4,473,522"
5/6/2018,343,346,340,345,"7,785","2,660,787"
5/7/2018,345,345,341,345,"8,301","2,852,909"
5/8/2018,342,345,341,344,"4,721","1,619,238"
5/9/2018,339,345,339,340,"8,027","2,745,141"
5/10/2018,340,342,336,340,"12,164","4,113,882"
5/14/2018,335,341,330,335,"194,624","64,714,010"
5/15/2018,331,335,331,334,"5,115","1,702,669"
5/16/2018,333,335,333,335,"5,010","1,673,285"
5/17/2018,336,340,334,335,"6,218","2,087,808"
5/20/2018,341,345,334,335,"11,349","3,821,177"
5/21/2018,333,335,332,333,"3,318","1,108,285"
5/22/2018,335,335,324,331,"40,331","13,140,668"
5/23/2018,328,331,327,328,"10,850","3,564,515"
5/24/2018,325,328,325,326,"5,024","1,639,791"
5/27/2018,325,325,320,320,"8,587","2,762,658"
5/28/2018,316,331,315,329,"12,862","4,202,292"
5/29/2018,333,335,323,330,"10,239","3,363,190"
5/30/2018,330,337,324,331,"11,804","3,913,955"
5/31/2018,332,333,326,329,"4,388","1,440,888"
6/3/2018,323,331,314,319,"21,026","6,707,903"
6/4/2018,320,320,311,316,"15,940","5,025,908"
6/6/2018,322,328,320,321,"4,150","1,338,990"
6/7/2018,319,323,315,315,"10,872","3,447,210"
6/10/2018,312,314,310,314,"8,647","2,694,356"
6/11/2018,311,317,310,313,"16,099","5,043,146"
6/12/2018,311,315,310,312,"12,338","3,849,087"
6/13/2018,310,318,310,312,"2,379","743,375"
6/14/2018,312,317,312,315,"6,401","2,011,783"
6/17/2018,312,314,310,310,"5,434","1,693,662"
6/18/2018,310,312,308,312,"7,955","2,464,526"
6/19/2018,310,310,306,307,"7,328","2,255,689"
6/20/2018,302,307,296,304,"12,585","3,808,237"
6/21/2018,300,305,300,303,"7,530","2,275,490"
6/24/2018,304,310,304,309,623,"191,823"
6/25/2018,305,305,295,304,"10,994","3,305,134"
6/26/2018,305,308,298,298,"7,144","2,147,165"
6/27/2018,297,303,294,296,"11,371","3,409,273"
6/28/2018,298,301,298,300,"13,656","4,101,570"
7/1/2018,306,306,290,295,"3,451","1,028,823"
7/2/2018,291,297,291,295,"7,489","2,203,532"
7/3/2018,295,299,293,298,"5,094","1,505,034"
7/4/2018,295,300,290,298,"16,046","4,743,695"
7/5/2018,298,307,298,304,"14,150","4,303,053"
7/8/2018,308,308,301,302,"12,987","3,960,846"
7/9/2018,301,308,295,302,"13,476","4,035,677"
7/10/2018,302,305,300,300,"6,561","1,980,899"
7/11/2018,305,308,300,300,"5,769","1,761,212"
7/12/2018,300,301,296,298,"11,895","3,546,757"
7/15/2018,301,305,296,296,"9,022","2,687,798"
7/16/2018,296,300,294,300,"3,119","928,512"
7/17/2018,301,302,300,300,"3,177","954,746"
7/18/2018,298,300,298,300,"3,888","1,163,289"
7/19/2018,297,300,297,300,"1,451","433,557"
7/22/2018,300,300,291,294,"5,817","1,712,681"
7/23/2018,298,300,298,300,"7,196","2,153,889"
7/24/2018,300,309,300,300,"10,403","3,164,586"
7/25/2018,301,303,300,300,"5,289","1,590,334"
7/26/2018,300,302,300,300,"8,119","2,436,590"
7/29/2018,300,300,298,298,"3,597","1,075,293"
7/30/2018,299,299,295,296,"4,720","1,399,145"
7/31/2018,298,298,294,295,"7,769","2,293,306"
8/1/2018,294,299,294,296,"3,947","1,168,475"
8/2/2018,300,300,296,298,"3,398","1,010,125"
8/5/2018,297,301,296,300,"6,853","2,045,310"
8/6/2018,303,305,302,305,"16,893","5,134,942"
8/7/2018,310,310,304,305,"12,117","3,699,310"
8/8/2018,303,309,300,309,"11,847","3,634,701"
8/9/2018,307,308,305,305,"11,252","3,446,779"
8/12/2018,305,305,299,301,"13,967","4,203,172"
8/13/2018,300,305,300,305,"5,851","1,765,479"
8/14/2018,306,308,304,307,"4,642","1,418,724"
8/15/2018,308,317,307,317,"10,101","3,127,239"
8/16/2018,323,322,312,322,"24,783","7,909,820"
8/19/2018,325,325,312,316,"11,225","3,555,744"
8/20/2018,312,315,310,313,"7,414","2,314,956"
8/21/2018,312,312,308,312,"13,346","4,129,754"
8/22/2018,309,312,308,310,"4,750","1,471,452"
8/23/2018,310,311,306,311,"9,655","2,969,503"
8/26/2018,309,309,307,307,"9,878","3,035,589"
8/28/2018,304,306,302,306,"22,755","6,901,184"
8/29/2018,304,310,304,308,"2,685","824,921"
8/30/2018,306,314,306,314,"8,210","2,539,500"
9/2/2018,314,319,308,318,"24,141","7,575,811"
9/3/2018,320,326,317,324,"26,326","8,483,381"
9/4/2018,323,328,320,326,"23,836","7,744,843"
9/5/2018,326,338,325,330,"67,045","22,167,500"
9/6/2018,330,336,327,328,"54,183","17,937,129"
9/9/2018,327,328,321,321,"31,041","10,080,652"
9/10/2018,321,321,317,319,"14,664","4,666,046"
9/11/2018,318,324,318,321,"13,920","4,477,008"
9/12/2018,323,331,320,328,"11,986","3,908,497"
9/13/2018,333,334,328,331,"49,033","16,199,665"
9/16/2018,337,345,332,334,"48,327","16,344,983"
9/17/2018,335,339,330,333,"19,918","6,640,236"
9/18/2018,332,335,330,330,"22,039","7,319,131"
9/20/2018,330,332,325,329,"30,636","10,097,462"
9/23/2018,332,334,326,330,"24,973","8,270,991"
9/25/2018,335,345,331,344,"77,325","26,251,305"
9/26/2018,345,350,342,345,"50,381","17,396,686"
9/27/2018,340,345,339,340,"17,985","6,150,119"
9/30/2018,338,341,335,337,"16,384","5,529,095"
10/1/2018,339,339,331,332,"37,259","12,481,444"
10/2/2018,333,335,330,330,"15,504","5,154,372"
10/3/2018,332,332,326,326,"10,013","3,284,837"
10/4/2018,323,330,323,326,"24,954","8,122,770"
10/7/2018,320,324,319,319,"27,331","8,794,443"
10/8/2018,321,325,321,321,"13,686","4,420,278"
10/9/2018,326,327,322,323,"13,740","4,442,097"
10/10/2018,322,325,320,324,"11,303","3,658,447"
10/11/2018,327,333,327,330,"7,760","2,563,946"
10/14/2018,330,335,330,335,"19,441","6,457,871"
10/15/2018,335,338,330,337,"26,730","8,951,676"
10/21/2018,340,341,338,340,"9,062","3,077,960"
10/22/2018,336,340,335,340,"14,007","4,738,979"
10/23/2018,339,343,335,343,"16,046","5,445,984"
10/24/2018,341,350,341,349,"29,347","10,126,008"
10/25/2018,347,349,343,346,"28,278","9,804,106"
10/28/2018,341,343,337,338,"16,403","5,569,245"
10/29/2018,333,337,326,334,"16,436","5,491,044"
10/30/2018,339,341,334,341,"9,684","3,270,990"
10/31/2018,338,339,337,338,"6,296","2,128,011"
11/1/2018,332,340,332,334,"19,785","6,646,306"
11/4/2018,334,334,327,328,"14,810","4,870,025"
11/5/2018,334,334,329,334,"6,824","2,259,649"
11/6/2018,334,333,328,334,557,"185,624"
11/11/2018,334,334,325,327,"3,645","1,195,769"
11/12/2018,326,327,323,325,"2,034","659,591"
11/13/2018,330,331,325,329,"2,906","958,183"
11/14/2018,325,330,325,327,"5,556","1,816,864"
11/15/2018,330,331,326,327,"11,926","3,914,354"
11/18/2018,326,329,324,324,"8,535","2,784,875"
11/19/2018,324,326,321,322,"10,863","3,502,538"
11/20/2018,320,324,320,323,"8,759","2,818,936"
11/21/2018,322,326,320,326,"6,813","2,185,462"
11/22/2018,324,325,321,322,"7,159","2,310,685"
11/25/2018,326,326,316,316,"12,789","4,057,520"
11/26/2018,318,318,312,313,"12,620","3,963,133"
11/27/2018,315,317,313,315,"5,387","1,693,229"
11/28/2018,311,314,311,313,"4,588","1,434,301"
11/29/2018,312,312,306,306,"7,114","2,201,832"
12/2/2018,306,306,302,305,"13,512","4,111,517"
12/3/2018,300,310,300,305,"11,760","3,589,178"
12/4/2018,304,310,304,310,"10,066","3,082,594"
12/5/2018,305,306,302,305,"31,915","9,705,375"
12/6/2018,300,307,297,305,"31,723","9,538,562"
12/9/2018,305,305,298,305,"5,331","1,609,046"
12/10/2018,307,314,303,307,"8,602","2,628,838"
12/11/2018,310,310,303,303,"6,967","2,118,727"
12/12/2018,303,304,300,302,"2,017","609,310"
12/13/2018,302,309,302,308,"7,030","2,148,096"
12/16/2018,314,323,310,317,"26,397","8,334,411"
12/17/2018,314,322,314,320,"7,063","2,239,019"
12/18/2018,317,318,310,315,"18,777","5,904,581"
12/19/2018,314,317,313,313,"6,280","1,978,244"
12/20/2018,316,317,313,314,"23,532","7,399,760"
12/23/2018,320,327,320,325,"45,177","14,609,907"
12/24/2018,305,306,299,299,"8,454","2,549,784"
12/25/2018,300,300,297,297,"10,101","3,016,142"
12/26/2018,296,310,296,306,"25,579","7,804,616"
12/27/2018,306,310,302,302,"18,006","5,476,412"
12/30/2018,301,304,300,300,"14,071","4,245,070"
12/31/2018,300,300,295,295,"13,737","4,078,520"
1/1/2019,295,297,293,297,"3,515","1,035,326"
1/2/2019,297,297,293,294,"27,803","8,150,861"
1/3/2019,297,297,292,292,"10,526","3,084,674"
1/6/2019,289,292,287,287,"10,019","2,889,207"
1/7/2019,291,292,288,290,"8,355","2,423,307"
1/8/2019,290,291,289,291,"15,980","4,631,872"
1/9/2019,292,293,290,291,"13,486","3,923,957"
1/10/2019,292,294,290,294,"3,748","1,096,019"
1/13/2019,296,298,291,291,"7,884","2,309,723"
1/14/2019,290,293,290,293,"32,314","9,429,339"
1/15/2019,295,296,291,296,"6,704","1,969,238"
1/16/2019,295,296,291,293,"9,270","2,720,879"
1/17/2019,294,294,290,293,"5,575","1,625,008"
1/20/2019,290,292,288,290,"4,024","1,164,636"
1/21/2019,287,288,286,288,"9,890","2,843,795"
1/22/2019,285,290,283,289,"4,165","1,199,100"
1/23/2019,289,292,289,292,"7,047","2,047,161"
1/24/2019,292,292,286,289,"14,620","4,207,496"
1/27/2019,287,287,281,283,"34,584","9,775,224"
1/28/2019,285,286,284,286,"3,813","1,084,033"
1/29/2019,286,287,285,286,"6,978","1,994,850"
1/30/2019,285,289,285,288,"7,332","2,105,133"
1/31/2019,289,289,285,287,"5,136","1,472,759"
2/3/2019,285,286,282,283,"14,101","4,010,091"
2/4/2019,283,285,280,281,"15,937","4,495,129"
2/5/2019,281,284,281,282,"4,330","1,223,669"
2/6/2019,281,284,280,282,"11,166","3,141,343"
2/7/2019,281,282,280,281,"7,700","2,160,305"
2/10/2019,280,283,279,283,"6,984","1,956,849"
2/11/2019,282,283,281,283,"3,470","977,964"
2/12/2019,282,282,279,281,"6,249","1,750,962"
2/13/2019,281,283,278,278,"9,427","2,634,085"
2/14/2019,278,278,274,276,"10,910","3,006,390"
2/17/2019,278,280,274,276,"5,827","1,608,906"
2/18/2019,276,277,275,276,"7,715","2,129,491"
2/19/2019,276,280,275,280,"9,251","2,567,073"
2/20/2019,280,280,273,273,"22,689","6,257,073"
2/21/2019,274,277,274,276,"2,722","750,414"
2/24/2019,274,276,273,274,"3,953","1,082,793"
2/25/2019,273,277,272,276,"5,650","1,553,124"
2/26/2019,275,277,275,275,"11,799","3,245,884"
2/27/2019,275,278,275,277,"4,442","1,228,521"
3/3/2019,278,278,274,274,"10,147","2,795,918"
3/5/2019,274,278,273,276,"7,352","2,026,995"
3/6/2019,274,279,274,279,"5,538","1,530,383"
3/7/2019,280,284,277,281,"6,818","1,912,598"
3/10/2019,280,282,277,282,"2,642","736,190"
3/11/2019,282,290,281,290,"11,761","3,381,757"
3/12/2019,291,301,290,298,"26,851","7,952,949"
3/13/2019,299,300,294,294,"15,977","4,739,210"
3/14/2019,298,298,288,295,"8,857","2,611,979"
3/17/2019,295,297,294,297,"6,067","1,789,748"
3/18/2019,295,296,290,293,"13,790","4,040,772"
3/19/2019,288,294,288,292,"3,149","913,624"
3/21/2019,290,290,282,285,"13,841","3,947,489"
3/24/2019,281,285,280,285,"11,617","3,277,712"
3/25/2019,285,287,284,284,"8,626","2,460,977"
3/26/2019,283,288,283,287,"22,072","6,298,600"
3/27/2019,285,288,285,287,"4,205","1,207,540"
3/28/2019,287,289,286,286,"8,515","2,451,672"
3/31/2019,286,291,285,289,"10,342","2,987,170"
4/1/2019,289,294,288,293,"13,291","3,868,749"
4/2/2019,294,302,294,300,"26,432","7,918,167"
4/3/2019,306,306,300,302,"50,475","15,330,040"
4/4/2019,302,307,301,304,"26,867","8,190,975"
4/7/2019,303,316,302,316,"42,912","13,288,129"
4/8/2019,319,321,311,312,"39,598","12,539,202"
4/9/2019,314,316,310,310,"37,758","11,787,392"
4/10/2019,306,316,306,311,"17,889","5,587,118"
4/11/2019,317,317,310,314,"23,461","7,371,098"
4/15/2019,316,318,315,317,"16,393","5,186,865"
4/16/2019,319,333,316,333,"48,241","15,720,247"
4/17/2019,339,345,327,345,"88,521","29,936,219"
4/18/2019,345,354,340,353,"67,699","23,592,943"
4/21/2019,353,357,345,357,"67,323","23,635,401"
4/22/2019,361,361,343,347,"58,726","20,593,932"
4/23/2019,345,351,342,344,"20,355","7,031,092"
4/24/2019,345,356,345,353,"51,765","18,277,728"
4/25/2019,354,357,350,350,"98,309","34,740,691"
4/28/2019,355,355,343,347,"63,375","22,111,042"
4/29/2019,345,352,342,347,"69,209","23,964,961"
4/30/2019,347,352,342,346,"55,578","19,228,599"
5/2/2019,343,349,342,345,"27,166","9,412,677"
5/5/2019,343,345,340,340,"32,758","11,235,798"
5/6/2019,338,350,337,349,"26,763","9,160,316"
5/7/2019,352,353,347,348,"33,046","11,545,468"
5/8/2019,349,349,345,345,"9,785","3,387,447"
5/9/2019,345,345,342,342,"10,702","3,667,603"
5/12/2019,339,343,334,340,"29,129","9,905,905"
5/13/2019,343,343,338,340,"31,125","10,608,964"
5/14/2019,342,345,339,340,"39,059","13,316,714"
5/15/2019,341,350,341,342,"31,899","10,959,014"
5/16/2019,343,344,340,343,"9,640","3,292,699"
5/19/2019,341,343,340,340,"21,646","7,386,326"
5/20/2019,340,342,336,337,"25,995","8,813,434"
5/21/2019,337,340,335,337,"19,567","6,612,172"
5/22/2019,338,340,337,337,"20,492","6,926,580"
5/23/2019,341,341,335,336,"23,497","7,923,537"
5/26/2019,333,337,333,336,"10,804","3,628,802"
5/27/2019,331,337,331,335,"7,699","2,578,119"
5/28/2019,336,337,333,334,"10,729","3,595,582"
5/29/2019,332,339,332,339,"5,662","1,901,702"
5/30/2019,345,355,340,340,"41,551","14,346,757"
6/2/2019,336,338,335,336,"24,772","8,320,059"
6/3/2019,334,335,333,334,"10,371","3,463,245"
6/4/2019,334,334,331,332,"8,958","2,973,640"
6/6/2019,328,332,328,328,"12,748","4,203,268"
6/10/2019,334,334,324,325,"93,466","30,392,927"
6/11/2019,326,330,324,325,"32,749","10,680,941"
6/12/2019,323,326,320,320,"17,468","5,637,481"
6/13/2019,320,331,315,324,"10,071","3,237,226"
6/16/2019,325,326,319,321,"79,222","25,466,768"
6/17/2019,324,325,318,320,"56,965","18,248,092"
6/18/2019,320,322,317,320,"28,435","9,084,377"
6/19/2019,320,321,317,318,"18,599","5,928,522"
6/20/2019,321,325,318,322,"15,865","5,086,870"
6/23/2019,321,323,315,315,"55,071","17,488,776"
6/24/2019,321,321,316,320,"37,540","11,920,586"
6/25/2019,320,324,320,321,"42,777","13,695,311"
6/26/2019,320,323,320,322,"21,749","6,993,327"
6/27/2019,325,325,321,322,"79,189","25,530,444"
6/30/2019,321,322,316,320,"83,959","26,674,708"
7/1/2019,322,322,316,316,"31,817","10,097,355"
7/2/2019,318,322,317,322,"13,219","4,206,416"
7/3/2019,323,325,318,324,"18,127","5,847,500"
7/4/2019,325,326,324,324,"20,705","6,729,083"
7/7/2019,322,322,319,320,"16,095","5,159,483"
7/8/2019,318,320,315,320,"26,420","8,379,545"
7/9/2019,316,318,314,315,"13,019","4,111,502"
7/10/2019,315,316,313,313,"24,885","7,820,116"
7/11/2019,315,316,312,314,"11,910","3,738,262"
7/14/2019,314,317,312,314,"15,494","4,856,398"
7/15/2019,313,318,313,316,"10,289","3,250,993"
7/16/2019,331,331,316,318,"12,814","4,064,967"
7/17/2019,320,326,319,325,"17,150","5,520,411"
7/18/2019,324,331,324,327,"21,384","7,014,574"
7/21/2019,321,327,321,327,"18,223","5,867,285"
7/22/2019,326,327,323,324,"13,483","4,376,663"
7/23/2019,324,328,324,326,"23,573","7,672,034"
7/24/2019,329,329,326,327,"41,655","13,637,949"
7/25/2019,327,327,322,324,"21,422","6,946,170"
7/28/2019,320,321,318,321,"14,468","4,626,429"
7/29/2019,325,325,320,320,"18,523","5,937,565"
7/30/2019,317,325,315,322,"14,950","4,804,360"
7/31/2019,321,325,321,324,"8,971","2,899,063"
8/1/2019,325,327,321,322,"18,341","5,908,046"
8/4/2019,319,327,318,323,"27,548","8,876,727"
8/5/2019,323,323,320,321,"27,505","8,827,167"
8/6/2019,321,321,315,317,"33,320","10,540,153"
